year,phase,gross_emissions_gtco2,planned_incremental_cdr_gtco2,feasible_incremental_cdr_gtco2,incremental_cdr_gtco2,net_anthropogenic_gtco2,natural_reservoir_flux_to_sinks_gtc,co2_ppm,land_binding,food_land_deficit_mha,cdr_land_mha,reservoir_permanent_gtc,reservoir_slow_gtc,reservoir_medium_gtc,reservoir_fast_gtc
2026,drawdown,42.2,0.0,0.0,0.0,42.2,5.911485937738476,431.1838326549736,False,0.0,0.0,104.28801579481066,104.7256082727882,102.25954477285626,13.936107886053987
2027,drawdown,41.328315460090884,0.8941176470588235,0.8941176470588236,0.8941176470588236,40.434197813032064,5.915115890333542,433.4167646590838,False,0.0,21.42156862745098,106.68603740637504,106.92924100852929,102.57300907846837,13.761503877862218
2028,drawdown,39.940148469724576,1.788235294117647,1.7882352941176471,1.7882352941176471,38.15191317560693,5.892958675155029,435.376831088186,False,0.0,42.84313725490196,108.94870409116199,108.9879419737788,102.70449633241861,13.469870002859535
2029,drawdown,37.979914217559205,2.682352941176471,2.682352941176471,2.682352941176471,35.29756127638274,5.841258546584918,437.0069362934572,False,0.0,64.26470588235296,111.04208838847585,110.86714894230424,102.6154267973919,13.04706162283771
2030,drawdown,35.419171111179274,3.576470588235294,3.5764705882352943,3.5764705882352943,31.84270052294398,5.7559539402968944,438.24836726714136,False,0.0,85.68627450980392,112.9305760586821,112.53065062492958,102.26609991931998,12.479957105209554
2031,drawdown,32.51969680558596,4.470588235294118,4.470588235294118,4.470588235294118,28.049108570291843,5.633160952963058,439.0767351701545,False,0.0,107.1078431372549,114.59407804894532,113.95831102786705,101.63778901512225,11.775730674303384
2032,drawdown,29.296982500786772,5.364705882352942,5.364705882352942,5.364705882352942,23.932276618433832,5.473810441862085,439.469135638733,False,0.0,128.5294117647059,116.01342403944359,115.13099100779898,100.7134506963811,10.94110921740657
2033,drawdown,25.987790292639133,6.258823529411764,6.258823529411765,6.258823529411765,19.72896676322737,5.278788486942151,439.4316364582246,False,0.0,149.95098039215685,117.18348530517757,116.04405608734272,99.4945019368007,9.997320871489823
2034,drawdown,22.746153876516782,7.152941176470588,7.152941176470589,7.152941176470589,15.593212700046195,5.052522729261184,438.9873402152057,False,0.0,171.37254901960785,118.10826836186972,116.70228850136982,97.99403214047948,8.971534273162634
2035,drawdown,19.822068748208853,8.047058823529412,8.047058823529412,8.047058823529412,11.775009924679441,4.801011380916727,438.18755634523404,False,0.0,192.7941176470588,118.80660615025205,117.12572257875411,96.24378369596887,7.902069695956796
2036,drawdown,16.608091796167518,8.941176470588236,8.941176470588236,8.941176470588236,7.666915325579282,4.533106849338488,437.0040219868614,False,0.0,214.2156862745098,119.26130612302727,117.29725270524573,94.22846013510663,6.778519714727173
2037,drawdown,13.400109522775944,9.83529411764706,9.83529411764706,9.83529411764706,3.5648154051288845,4.246195152387841,435.44643424040987,False,0.0,235.63725490196083,119.47272380521463,117.21788279610202,91.95567322893083,5.612500062142725
2038,drawdown,10.471937239283855,10.729411764705883,10.729411764705883,10.729411764705883,-0.25747452542202787,3.942892553042433,433.55724683796643,False,0.0,257.0588235294118,119.4574538231256,116.90533281665772,89.45364655155699,4.43160184566248
2039,drawdown,7.979047459482819,11.623529411764704,11.623529411764704,11.623529411764704,-3.6444819522818843,3.6297261789510586,431.39513799040424,False,0.0,278.4803921568627,119.24131137546435,116.38677068792914,86.76166182044557,3.2681340697892147
2040,drawdown,5.987496341121337,12.517647058823528,12.51764705882353,12.51764705882353,-6.530150717702193,3.314523748404702,429.0232984245607,False,0.0,299.9019607843137,118.85402923819451,115.6933287853375,83.9229623326772,2.1521421991332588
2041,drawdown,4.48703632384297,13.411764705882351,13.411764705882353,13.411764705882353,-8.924728382039383,3.004760677870564,426.5001256700683,False,0.0,321.3235294117647,118.32473243758939,114.8554349535678,80.97884489274355,1.1067545136542636
2042,drawdown,3.3875365951285916,14.305882352941175,14.305882352941177,14.305882352941177,-10.918345757812585,2.706423946410233,423.87000917068167,False,0.0,342.7450980392157,117.67720063268419,113.8979367857403,77.96263909531942,0.14425295561328022
2043,drawdown,2.6782371135922576,15.2,15.2,15.2,-12.521762886407743,2.4230226008605515,421.1743498434281,False,0.0,364.1666666666667,116.93457533922994,112.84496196807726,74.90595671229161,-0.7263493020009506
2044,drawdown,2.1223618171202574,15.2,15.2,15.2,-13.077638182879742,2.157339792731753,418.53483413532916,False,0.0,364.1666666666667,116.15898287822017,111.7607129959008,71.88953167148478,-1.453774676301863
2045,drawdown,1.8814101560330425,15.2,15.2,15.2,-13.318589843966956,1.9223487346372043,415.97609705596176,False,0.0,364.1666666666667,115.36910035281241,110.66449764517236,68.93621980314649,-2.046563751324321
2046,drawdown,1.7260186299608262,15.2,15.2,15.2,-13.473981370039173,1.7169446626475902,413.49482286806136,False,0.0,364.1666666666667,114.57000205813186,109.56157034171419,66.05082215295478,-2.526885603906551
2047,drawdown,1.5935674344730861,15.2,15.2,15.2,-13.606432565526912,1.5366742879689896,411.0820204136583,False,0.0,364.1666666666667,113.76304851105517,108.45334877088364,63.233249375666716,-2.9165173194089427
2048,drawdown,1.543095517731955,15.2,15.2,15.2,-13.656904482268045,1.37702385386455,408.73815322157986,False,0.0,364.1666666666667,112.95310163769359,107.34485182319261,60.487903078145465,-3.2287572496176997
2049,drawdown,1.5260166021134471,15.2,15.2,15.2,-13.673983397886552,1.235367815058877,406.45889047108193,False,0.0,364.1666666666667,112.14214186903618,106.23811910303185,57.81537218327266,-3.477408685233714
2050,drawdown,1.5151287141088141,15.2,15.2,15.2,-13.684871285891186,1.1088654675061047,404.2378627939272,False,0.0,364.1666666666667,111.33053637492479,105.13352415411799,55.214161637267026,-3.675239454802325
2051,drawdown,1.5,15.2,15.2,15.2,-13.7,0.9948303060305688,402.06867133394496,False,0.0,364.1666666666667,110.51803364566715,104.03080262700023,52.68202364701391,-3.8330706777159964
2052,drawdown,1.5,15.2,15.2,15.2,-13.7,0.8909574905654756,399.94840724818096,False,0.0,364.1666666666667,109.7055309164095,102.93087350539552,50.21824370466693,-3.9581795385837815
2053,drawdown,1.5,15.2,15.2,15.2,-13.7,0.7957213167865951,397.873002405836,False,0.0,364.1666666666667,108.89302818715186,101.83372971813644,47.82097640419707,-4.057350201895415
2054,drawdown,1.5,15.2,15.2,15.2,-13.7,0.7076654208137776,395.83907466946044,False,0.0,364.1666666666667,108.08052545789421,100.73936421196177,45.48842615848494,-4.1359603050763765
2055,drawdown,1.5,15.2,15.2,15.2,-13.7,0.6256263919894991,393.84378990474016,False,0.0,364.1666666666667,107.26802272863657,99.64776995147116,43.218845854400655,-4.19827256674496
2056,drawdown,1.5,15.2,15.2,15.2,-13.7,0.548673278882128,391.8847524848656,False,0.0,364.1666666666667,106.45551999937892,98.55893991907989,41.010535544191356,-4.247665937280496
2057,drawdown,1.5,15.2,15.2,15.2,-13.7,0.47605963066118795,389.9599183849255,False,0.0,364.1666666666667,105.64301727012128,97.4728671149738,38.86184117219631,-4.286818826094527
2058,drawdown,1.5,15.2,15.2,15.2,-13.7,0.4071854751251567,388.0675261858502,False,0.0,364.1666666666667,104.83051454086363,96.38954455706421,36.771153335935836,-4.317854341303617
2059,drawdown,1.5,15.2,15.2,15.2,-13.7,0.3415671734368,386.2060422777257,False,0.0,364.1666666666667,104.01801181160599,95.30896528094313,34.736906080646065,-4.342455417583548
2060,drawdown,1.5,15.2,15.2,15.2,-13.7,0.2788135186949914,384.37411732143426,False,0.0,364.1666666666667,103.20550908234834,94.2311223398384,32.75757572635668,-4.361956075138404
2061,drawdown,1.5,15.2,15.2,15.2,-13.7,0.21860678400228606,382.5705516372544,False,0.0,364.1666666666667,102.3930063530907,93.15600880456907,30.831679726633045,-4.377413758401717
2062,drawdown,1.5,15.2,15.2,15.2,-13.7,0.1606876940322297,380.7942676723256,False,0.0,364.1666666666667,101.58050362383305,92.08361776350088,28.957775558127977,-4.389666677114676
2063,drawdown,1.5,15.2,15.2,15.2,-13.7,0.10484350681100985,379.04428808197105,False,0.0,364.1666666666667,100.76800089457541,91.01394232250179,27.134459640111334,-4.3993792591639345
2064,drawdown,1.5,15.2,15.2,15.2,-13.7,0.050898561038073886,377.3197182635303,False,0.0,364.1666666666667,99.95549816531776,89.94697560489766,25.36036628316821,-4.407078179908737
2065,drawdown,1.5,15.2,15.2,15.2,-13.7,-0.0012932220761943114,375.61973242206284,False,0.0,364.1666666666667,99.14299543606012,88.88271075142805,23.634166666278237,-4.4131809217269415
2066,drawdown,1.5,15.2,15.2,15.2,-13.7,-0.05185428753413035,373.9435624380885,False,0.0,364.1666666666667,98.33049270680247,87.82114092020214,21.954567841509835,-4.418018412452483
2067,drawdown,1.5,15.2,15.2,15.2,-13.7,-0.10088816693489111,372.29048895877776,False,0.0,364.1666666666667,97.51798997754483,86.76225928665471,20.32031176558394,-4.421852970298252
2068,drawdown,1.5,15.2,15.2,15.2,-13.7,-0.14848322505024258,370.6598342538972,False,0.0,364.1666666666667,96.70548724828718,85.7060590435023,18.730174357581777,-4.424892528347411
2069,drawdown,1.5,15.2,15.2,15.2,-13.7,-0.1947156343559704,369.0509564728536,False,0.0,364.1666666666667,95.89298451902954,84.65253340069941,17.182964582090943,-4.427301909951708
2070,drawdown,1.5,15.2,15.2,15.2,-13.7,-0.2396517374557292,367.4632450145136,False,0.0,364.1666666666667,95.0804817897719,83.60167558539493,15.67752355710303,-4.429211766457566
2071,drawdown,1.5,15.2,15.2,15.2,-13.7,-0.2833499241787747,365.89611678119616,False,0.0,364.1666666666667,94.26797906051425,82.55347884188848,14.212723685994613,-4.430725661917906
2072,drawdown,1.5,15.2,15.2,15.2,-13.7,-0.3258621238513677,364.3490131355719,False,0.0,364.1666666666667,93.4554763312566,81.50793643158705,12.787467812941424,-4.431925688965911
2073,drawdown,1.5,15.2,15.2,15.2,-13.7,-0.3672349924086147,362.8213974167292,False,0.0,364.1666666666667,92.64297360199896,80.46504163296171,11.40068840113312,-4.432876920377635
2074,drawdown,1.5,15.2,15.2,15.2,-13.7,-0.4075108574999402,361.3127529014152,False,0.0,364.1666666666667,91.83047087274132,79.42478774150433,10.051346733173116,-4.433630937714291
2075,drawdown,1.5,15.2,15.2,15.2,-13.7,-0.4467284716511868,359.82258112003956,False,0.0,364.1666666666667,91.01796814348367,78.38716806968449,8.738432133064553,-4.434228628388684
2076,drawdown,1.5,15.2,15.2,15.2,-13.7,-0.4849236131700607,358.3504004557242,False,0.0,364.1666666666667,90.20546541422603,77.35217594690654,7.460961209199684,-4.434702402829788
2077,drawdown,1.5,15.2,15.2,15.2,-13.7,-0.5221295662562548,356.89574496949933,False,0.0,364.1666666666667,89.39296268496838,76.31980471946667,6.217977117785653,-4.435077951973617
2078,drawdown,1.5,15.2,15.2,15.2,-13.7,-0.5583775052580959,355.4581634064972,False,0.0,364.1666666666667,88.58045995571074,75.29004775051014,5.008548846154948,-4.435375640382266
2079,drawdown,1.5,15.2,15.2,15.2,-13.7,-0.5936968028490233,354.0372183473061,False,0.0,364.1666666666667,87.76795722645309,74.26289841998862,3.831770515423756,-4.435611610534509
2080,drawdown,1.5,15.2,15.2,15.2,-13.7,-0.6281152778002745,352.6324854760337,False,0.0,364.1666666666667,86.95545449719545,73.23835012461763,2.686760701975853,-4.435798658169324
2081,drawdown,1.5,15.2,15.2,15.2,-13.7,-0.6616593947789773,351.2435529424809,False,0.0,364.1666666666667,86.1429517679378,72.2163962778341,1.5726617772638556,-4.4359469261488
2082,drawdown,1.5,15.2,15.2,15.2,-13.7,-0.6943544260262169,349.87002080047176,False,0.0,364.1666666666667,85.33044903868016,71.19703030975398,0.4886392654333023,-4.436064454465904
2083,drawdown,1.5,15.2,15.2,15.2,-13.7,-0.7262245827292912,348.5115005080637,False,0.0,364.1666666666667,84.51794630942251,70.18024566713012,-0.5661187817115645,-4.436157616221868
2084,drawdown,1.5,15.2,15.2,15.2,-13.7,-0.7572931222842395,347.16761447828156,False,0.0,364.1666666666667,83.70544358016487,69.16603581330999,-1.592402392868482,-4.43623146321456
2085,drawdown,1.5,15.2,15.2,15.2,-13.7,-0.787582436363214,345.8379956713346,False,0.0,364.1666666666667,82.89294085090722,68.15439422819375,-2.590980268979839,-4.436289999877736
2086,drawdown,1.5,15.2,15.2,15.2,-13.7,-0.8171141236837474,344.52228722110954,False,0.0,364.1666666666667,82.08043812164958,67.14531440819232,-3.5626003590005535,-4.436336400425825
2087,drawdown,1.5,15.2,15.2,15.2,-13.7,-0.8459090505719891,343.2201420901912,False,0.0,364.1666666666667,81.26793539239193,66.13878986618555,-4.507990420122422,-4.436373180979178
2088,drawdown,1.5,15.2,15.2,15.2,-13.7,-0.8739874017725926,341.9312227488162,False,0.0,364.1666666666667,80.45543266313429,65.13481413148054,-5.42785856287455,-4.4364023360034315
2089,drawdown,1.5,15.2,15.2,15.2,-13.7,-0.9013687234517076,340.65520087408237,False,0.0,364.1666666666667,79.64292993387664,64.13338074977003,-6.3228937815081565,-4.436425446461588
2090,drawdown,1.5,15.2,15.2,15.2,-13.7,-0.9280719599381335,339.39175706646415,False,0.0,364.1666666666667,78.830427204619,63.1344832830909,-7.193766470063012,-4.436443765543458
2091,drawdown,1.5,15.2,15.2,15.2,-13.7,-0.9541154854290541,338.1405805812628,False,0.0,364.1666666666667,78.01792447536135,62.138115309782805,-8.04112892450206,-4.436458286621242
2092,drawdown,1.5,15.2,15.2,15.2,-13.7,-0.979517131634791,336.9013690730777,False,0.0,364.1666666666667,77.20542174610371,61.14427042444686,-8.865615831290317,-4.436469797116231
2093,drawdown,1.5,15.2,15.2,15.2,-13.7,-1.004294212136557,335.67382835175175,False,0.0,364.1666666666667,76.39291901684607,60.152942237904476,-9.66784474278402,-4.436478921197571
2094,drawdown,1.5,15.2,15.2,15.2,-13.7,-1.0284635440727956,334.45767214853043,False,0.0,364.1666666666667,75.58041628758842,59.1641243771563,-10.44841653978607,-4.436486153628531
2095,drawdown,1.5,15.2,15.2,15.2,-13.7,-1.052041467643687,333.2526218914094,False,0.0,364.1666666666667,74.76791355833078,58.177810485341226,-11.207915881614255,-4.43649188659557
2096,drawdown,1.5,15.2,15.2,15.2,-13.7,-1.0750438638236757,332.0584064888244,False,0.0,364.1666666666667,73.95541082907313,57.193994221695526,-11.946911644019352,-4.4364964309750805
2097,drawdown,1.5,15.2,15.2,15.2,-13.7,-1.0974861705928904,330.87476212098704,False,0.0,364.1666666666667,73.14290809981549,56.21266926151211,-12.66595734528111,-4.436500033191002
2098,drawdown,1.5,15.2,15.2,15.2,-13.7,-1.1193833979351346,329.70143203828496,False,0.0,364.1666666666667,72.33040537055784,55.23382929609984,-13.365591560801269,-4.4365028885774205
2099,drawdown,1.5,15.2,15.2,15.2,-13.7,-1.140750141800872,328.5381663662592,False,0.0,364.1666666666667,71.5179026413002,54.257468032742985,-14.046338326504161,-4.436505151970782
2100,drawdown,1.5,15.2,15.2,15.2,-13.7,-1.1616005971936234,327.38472191674526,False,0.0,364.1666666666667,70.70539991204255,53.28357919466077,-14.708707531347024,-4.4365069461060616
2101,drawdown,1.5,15.2,15.2,15.2,-13.7,-1.1819485705070698,326.240862004826,False,0.0,364.1666666666667,69.8928971827849,52.312156520967015,-15.353195299234045,-4.436508368272202
2102,drawdown,1.5,15.2,15.2,15.2,-13.7,-1.20180749121521,325.1063562712903,False,0.0,364.1666666666667,69.08039445352726,51.343193766629895,-15.980284360620187,-4.436509495587713
2103,drawdown,1.5,15.2,15.2,15.2,-13.7,-1.2211904229981396,323.9809805103324,False,0.0,364.1666666666667,68.26789172426962,50.37668470243178,-16.590444414083123,-4.436510389182509
2104,drawdown,1.5,15.2,15.2,15.2,-13.7,-1.2401100743701816,322.86451650225825,False,0.0,364.1666666666667,67.45538899501197,49.412623114929204,-17.184132478134114,-4.436511097512742
2105,drawdown,1.5,15.2,15.2,15.2,-13.7,-1.258578808864801,321.756751850988,False,0.0,364.1666666666667,66.64288626575433,48.4510028064129,-17.761793233531343,-4.436511658988393
2106,drawdown,1.5,15.2,15.2,15.2,-13.7,-1.276608654820623,320.65747982616887,False,0.0,364.1666666666667,65.83038353649668,47.49181759486799,-18.32385935635209,-4.436512104056091
2107,drawdown,1.5,15.2,15.2,15.2,-13.7,-1.2942113148050152,319.5664992097267,False,0.0,364.1666666666667,65.01788080723904,46.5350613139342,-18.870751842073243,-4.436512456850119
2108,drawdown,1.5,15.2,15.2,15.2,-13.7,-1.311398174705427,318.4836141466998,False,0.0,364.1666666666667,64.2053780779814,45.58072781286625,-19.402880320902852,-4.4365127365011165
2109,drawdown,1.5,15.2,15.2,15.2,-13.7,-1.328180312513581,317.4086340002099,False,0.0,364.1666666666667,63.39287534872375,44.628810956494306,-19.920643364598963,-4.436512958173464
2110,drawdown,1.5,15.2,15.2,15.2,-13.7,-1.3445685068235607,316.3413732104369,False,0.0,364.1666666666667,62.580372619466104,43.67930462518453,-20.424428785005485,-4.436513133887586
2111,drawdown,1.5,15.2,15.2,15.2,-13.7,-1.3605732450617163,315.28165115746947,False,0.0,364.1666666666667,61.76786989020846,42.73220271479973,-20.91461392452877,-4.436513273171774
2112,drawdown,1.5,15.2,15.2,15.2,-13.7,-1.3762047314636963,314.2292920279132,False,0.0,364.1666666666667,60.955367160950814,41.78749913666016,-21.39156593877239,-4.436513383578864
2113,drawdown,1.5,15.2,15.2,15.2,-13.7,-1.3914728948116943,313.18412468514356,False,0.0,364.1666666666667,60.14286443169317,40.84518781750432,-21.8556420715419,-4.436513471095802
2114,drawdown,1.5,15.2,15.2,15.2,-13.7,-1.406387395943546,312.14598254309544,False,0.0,364.1666666666667,59.330361702435525,39.90526269944995,-22.307189922425483,-4.4365135404682885
2115,drawdown,1.5,15.2,15.2,15.2,-13.7,-1.4209576350437967,311.11470344348743,False,0.0,364.1666666666667,58.51785897317788,38.967717739955084,-22.74654770715097,-4.4365135954581225
2116,drawdown,1.5,15.2,15.2,15.2,-13.7,-1.4351927587257958,310.09012953638154,False,0.0,364.1666666666667,57.705356243920235,38.03254691177919,-23.1740445109142,-4.436513639047188
2117,drawdown,1.5,15.2,15.2,15.2,-13.7,-1.4491016669129708,309.07210716398464,False,0.0,364.1666666666667,56.89285351466259,37.09974420294443,-23.590000534868487,-4.4365136735991495
2118,drawdown,1.5,15.2,15.2,15.2,-13.7,-1.4626930195267511,308.06048674759984,False,0.0,364.1666666666667,56.080350785404946,36.169303616697,-23.994727335959816,-4.436513700987625
2119,drawdown,1.5,15.2,15.2,15.2,-13.7,-1.4759752429878406,307.0551226776405,False,0.0,364.1666666666667,55.2678480561473,35.2412191714686,-24.3885280602874,-4.436513722697784
2120,drawdown,1.5,15.2,15.2,15.2,-13.7,-1.4889565365372515,306.05587320662096,False,0.0,364.1666666666667,54.455345326889656,34.315484900837966,-24.771697670164396,-4.436513739906884
2121,drawdown,1.5,15.2,15.2,15.2,-13.7,-1.501644878382844,305.0626003450436,False,0.0,364.1666666666667,53.64284259763201,33.39209485349251,-25.144523165048856,-4.436513753548107
2122,drawdown,1.5,15.2,15.2,15.2,-13.7,-1.514048031676961,304.07516976010027,False,0.0,364.1666666666667,52.83033986837437,32.47104309319006,-25.507283796510375,-4.436513764361163
2123,drawdown,1.5,15.2,15.2,15.2,-13.7,-1.526173550330315,303.0934506771133,False,0.0,364.1666666666667,52.01783713911672,31.55232369872072,-25.860251277393463,-4.436513772932402
2124,drawdown,1.5,15.2,15.2,15.2,-13.7,-1.538028784666973,302.11731578363964,False,0.0,364.1666666666667,51.20533440985908,30.635930763868775,-26.20368998533432,-4.436513779726608
2125,drawdown,1.5,15.2,15.2,15.2,-13.7,-1.5496208869252395,301.14664113616607,False,0.0,364.1666666666667,50.39283168060143,29.72185839737473,-26.537857160783425,-4.436513785112206
2126,drawdown,1.5,15.2,15.2,15.2,-13.7,-1.5609568166088477,300.1813060693254,False,0.0,364.1666666666667,49.58032895134379,28.810100722897452,-26.863003099682253,-4.436513789381235
2127,drawdown,1.5,15.2,15.2,15.2,-13.7,-1.5720433456926948,299.2211931075642,False,0.0,364.1666666666667,48.76782622208614,27.900651878976365,-27.179371340938502,-4.4365137927651865
2128,drawdown,1.5,15.2,15.2,15.2,-13.7,-1.5828870636873789,298.2661878791967,False,0.0,364.1666666666667,47.9553234928285,26.993506018993795,-27.487198848840162,-4.436513795447561
2129,drawdown,1.5,15.2,15.2,15.2,-13.7,-1.5934943825663463,297.31617903277873,False,0.0,364.1666666666667,47.14282076357085,26.08865731113737,-27.786716190545125,-4.436513797573811
2130,drawdown,1.5,15.2,15.2,15.2,-13.7,-1.6038715415595868,296.37105815574057,False,0.0,364.1666666666667,46.33031803431321,25.186099938362528,-28.07814770877925,-4.436513799259237
2131,drawdown,1.5,15.2,15.2,15.2,-13.7,-1.6140246118176007,295.4307196952158,False,0.0,364.1666666666667,45.517815305055564,24.285828098355125,-28.361711689872237,-4.436513800595232
2132,drawdown,1.5,15.2,15.2,15.2,-13.7,-1.6239595009490455,294.4950608810083,False,0.0,364.1666666666667,44.70531257579792,23.38783600349413,-28.63762052725717,-4.436513801654241
2133,drawdown,1.5,15.2,15.2,15.2,-13.7,-1.6336819574357886,293.56398165063814,False,0.0,364.1666666666667,43.892809846540274,22.492117880814423,-28.906080880556207,-4.436513802493692
2134,drawdown,1.5,15.2,15.2,15.2,-13.7,-1.643197574928465,292.63738457641153,False,0.0,364.1666666666667,43.08030711728263,21.598667971969675,-29.167293830371566,-4.436513803159103
2135,drawdown,1.5,15.2,15.2,15.2,-13.7,-1.6525117964260243,291.7151747944588,False,0.0,364.1666666666667,42.267804388024985,20.707480533195337,-29.421455028897732,-4.436513803686558
2136,drawdown,1.5,15.2,15.2,15.2,-13.7,-1.6616299183422605,290.7972599356885,False,0.0,364.1666666666667,41.45530165876734,19.818549835271707,-29.668754846467724,-4.436513804104658
2137,drawdown,1.5,15.2,15.2,15.2,-13.7,-1.6705570944625237,289.8835500586046,False,0.0,364.1666666666667,40.642798929509695,18.9318701634871,-29.90937851414316,-4.436513804436076
2138,drawdown,1.5,15.2,15.2,15.2,-13.7,-1.6792983397935064,288.97395758393753,False,0.0,364.1666666666667,39.83029620025205,18.04743581760112,-30.14350626245495,-4.436513804698782
2139,drawdown,1.5,15.2,15.2,15.2,-13.7,-1.6878585343090582,288.0683972310395,False,0.0,364.1666666666667,39.017793470994405,17.165241111807994,-30.371313456398507,-4.436513804907023
2140,drawdown,1.5,15.2,15.2,15.2,-13.7,-1.6962424265948517,287.16678595599626,False,0.0,364.1666666666667,38.20529074173676,16.285280374700044,-30.59297072678462,-4.4365138050720905
2141,drawdown,1.5,15.2,15.2,15.2,-13.7,-1.7044546373945808,286.2690428914098,False,0.0,364.1666666666667,37.392788012479116,15.4075479492312,-30.808644098044336,-4.436513805202935
2142,drawdown,1.5,15.2,15.2,15.2,-13.7,-1.712499663060461,285.37508928780585,False,0.0,364.1666666666667,36.58028528322147,14.53203819268066,-31.018495112583604,-4.436513805306652
2143,drawdown,1.5,15.2,15.2,15.2,-13.7,-1.7203818789104801,284.48484845662307,False,0.0,364.1666666666667,35.767782553963826,13.658745476616597,-31.22268095178083,-4.436513805388866
2144,drawdown,1.5,15.2,15.2,15.2,-13.7,-1.7281055424950695,283.59824571474053,False,0.0,364.1666666666667,34.95527982470618,12.787664186859974,-31.421354553717954,-4.436513805454036
2145,drawdown,1.5,15.2,15.2,15.2,-13.7,-1.735674796775546,282.7152083305031,False,0.0,364.1666666666667,34.14277709544854,11.918788723448463,-31.614664727733224,-4.436513805505694
2146,drawdown,1.5,15.2,15.2,15.2,-13.7,-1.743093673216718,281.8356654712026,False,0.0,364.1666666666667,33.33027436619089,11.052113500600436,-31.802756265881516,-4.4365138055466415
2147,drawdown,1.5,15.2,15.2,15.2,-13.7,-1.7503660947960533,280.9595481519772,False,0.0,364.1666666666667,32.51777163693325,10.187632946679058,-31.98577005138561,-4.4365138055791
2148,drawdown,1.5,15.2,15.2,15.2,-13.7,-1.7574958789315458,280.0867891860893,False,0.0,364.1666666666667,31.705268907675606,9.325341504156466,-32.16384316415973,-4.436513805604829
2149,drawdown,1.5,15.2,15.2,15.2,-13.7,-1.764486740330565,279.21732313654564,False,0.0,364.1666666666667,30.892766178417965,8.465233629578046,-32.337108983484335,-4.436513805625224
2150,target_maintenance,1.5,15.2,15.2,1.9163444271958245,-0.41634442719582454,-1.771342293761808,280.0,False,0.0,364.1666666666667,30.868074135833453,8.41837611982926,-31.49578395248886,-3.5446663031738495
2151,target_maintenance,1.5,15.2,15.2,7.434220575460292,-5.934220575460292,-1.5638460853864653,280.0,False,0.0,364.1666666666667,30.51613468958686,8.03472724823582,-31.096677744560637,-3.2081841932620434
2152,target_maintenance,1.5,15.2,15.2,7.132304483944845,-5.632304483944845,-1.484282090110646,280.0,False,0.0,364.1666666666667,30.182100911103994,7.670484252398813,-30.685392175695014,-2.9211929878077942
2153,target_maintenance,1.5,15.2,15.2,6.8678898518923,-5.3678898518923,-1.4146008603693336,280.0,False,0.0,364.1666666666667,29.863748710007872,7.323308230142099,-30.265107156662513,-2.6759497834874546
2154,target_maintenance,1.5,15.2,15.2,6.635233391995564,-5.135233391995564,-1.353288866751504,280.0,False,0.0,364.1666666666667,29.55919461173259,6.991216875211167,-29.838480109252927,-2.465931377690827
2155,target_maintenance,1.5,15.2,15.2,6.429494431939192,-4.929494431939192,-1.2990704461174385,280.0,False,0.0,364.1666666666667,29.26684222634493,6.672528462480176,-29.40772869437699,-2.285641994448116
2156,target_maintenance,1.5,15.2,15.2,6.246592661083712,-4.746592661083712,-1.250870313559944,280.0,False,0.0,364.1666666666667,28.985337153950418,6.365814660695428,-28.974700491766345,-2.1304513228795003
2157,target_maintenance,1.5,15.2,15.2,6.0830883031737475,-4.5830883031737475,-1.2077819842992346,280.0,False,0.0,364.1666666666667,28.713528996668852,6.069860781115166,-28.540931688506838,-1.9964580892771786
2158,target_maintenance,1.5,15.2,15.2,5.936081179528173,-4.436081179528173,-1.1690411737894675,280.0,False,0.0,364.1666666666667,28.450439356845852,5.7836322898024095,-28.10769650930674,-1.8803751373415185
2159,target_maintenance,1.5,15.2,15.2,5.803125684562405,-4.303125684562405,-1.1340033912047336,280.0,False,0.0,364.1666666666667,28.195234877791428,5.506246596135644,-27.67604884820086,-1.7794326257262096
2160,target_maintenance,1.5,15.2,15.2,5.682159165010863,-4.182159165010863,-1.1021250652042147,280.0,False,0.0,364.1666666666667,27.94720453211543,5.236949285774462,-27.24685733126185,-1.6912964866280393
2161,target_maintenance,1.5,15.2,15.2,5.571441589713395,-4.071441589713395,-1.0729476451014928,280.0,False,0.0,364.1666666666667,27.705740488053003,4.975094097447237,-26.820834846041485,-1.613999739458756
2162,target_maintenance,1.5,15.2,15.2,5.469504729974103,-3.969504729974103,-1.046084208356474,280.0,False,0.0,364.1666666666667,27.470321989738764,4.7201260533846625,-26.39856341017704,-1.5458846329463845
2163,target_maintenance,1.5,15.2,15.2,5.375109351123599,-3.8751093511235988,-1.0212081792610266,280.0,False,0.0,364.1666666666667,27.240501776311046,4.471567246265841,-25.98051511405342,-1.4855539085234637
2164,target_maintenance,1.5,15.2,15.2,5.287209152297578,-3.787209152297578,-0.9980438259831572,280.0,False,0.0,364.1666666666667,27.015894639631387,4.229004863917855,-25.567069756551522,-1.4318297469977215
2165,target_maintenance,1.5,15.2,15.2,5.204920390559336,-3.7049203905593364,-0.9763582556071939,280.0,False,0.0,364.1666666666667,26.796167783499143,3.992081099027991,-25.158529695319142,-1.3837191872079913
2166,target_maintenance,1.5,15.2,15.2,5.127496293217526,-3.6274962932175256,-0.9559546710078488,280.0,False,0.0,364.1666666666667,26.581032700388835,3.7604846467380018,-24.755132350792707,-1.340384996334129
2167,target_maintenance,1.5,15.2,15.2,5.054305503471879,-3.5543055034718787,-0.9366666906278467,280.0,False,0.0,364.1666666666667,26.37023832650662,3.5339435398328405,-24.357060733950384,-1.301121132389075
2168,target_maintenance,1.5,15.2,15.2,4.984813923527442,-3.484813923527442,-0.9183535635909408,280.0,False,0.0,364.1666666666667,26.163565273672965,3.3122191106943486,-23.964452309446873,-1.2653320749204386
2169,target_maintenance,1.5,15.2,15.2,4.918569419563534,-3.418569419563534,-0.9008961389999621,280.0,False,0.0,364.1666666666667,25.9608209683042,3.095100902427718,-23.577406456645704,-1.232515414086213
2170,target_maintenance,1.5,15.2,15.2,4.855188937384905,-3.355188937384905,-0.8841934705223472,280.0,False,0.0,364.1666666666667,25.76183555452316,2.882402379565923,-23.195990749676863,-1.202247184412217
2171,target_maintenance,1.5,15.2,15.2,4.794347648712209,-3.2943476487122094,-0.8681599561103408,280.0,False,0.0,364.1666666666667,25.56645844096826,2.673957312340758,-22.82024624278445,-1.1741695105245658
2172,target_maintenance,1.5,15.2,15.2,4.735769807983309,-3.235769807983309,-0.8527229284924106,280.0,False,0.0,364.1666666666667,25.37455538985615,2.4696167283745893,-22.45019191786235,-1.1479802003683834
2173,target_maintenance,1.5,15.2,15.2,4.679221050007165,-3.1792210500071647,-0.8378206253727442,280.0,False,0.0,364.1666666666667,25.186006062845625,2.2692463423804963,-22.085828426339013,-1.1234239788871088
2174,target_maintenance,1.5,15.2,15.2,4.624501901323637,-3.1245019013236366,-0.8234004794788993,280.0,False,0.0,364.1666666666667,25.00070195172182,2.0727243885539925,-21.727141236735296,-1.1002851035405146
2175,target_maintenance,1.5,15.2,15.2,4.571442313934165,-3.071442313934165,-0.8094176780349502,280.0,False,0.0,364.1666666666667,24.818544633267155,1.8799397922127619,-21.37410328166756,-1.078381143812357
2176,target_maintenance,1.5,15.2,15.2,4.519897060231578,-3.0198970602315782,-0.7958339491866512,280.0,False,0.0,364.1666666666667,24.639444297244143,1.6907906272423154,-21.02667718328318,-1.0575577412032757
2177,target_maintenance,1.5,15.2,15.2,4.46974185336777,-2.96974185336777,-0.7826165396012927,280.0,False,0.0,364.1666666666667,24.463318504466628,1.5051828143300985,-20.684817123661944,-1.0376841951347808
2178,target_maintenance,1.5,15.2,15.2,4.4208700787000925,-2.9208700787000925,-0.769737353105263,280.0,False,0.0,364.1666666666667,24.29009113871839,1.3230290220671128,-20.348470416226178,-1.0186497445593277
2179,target_maintenance,1.5,15.2,15.2,4.373190039987005,-2.873190039987005,-0.757172224973548,280.0,False,0.0,364.1666666666667,24.119691521990998,1.1442477389738182,-20.017578825366016,-1.0003604355987976
