pathway,cdr_gtco2_yr,marginal_cost_usd_t,cost_without_scarcity_usd_t,learning_factor,scarcity_multiplier,resource_utilization_fraction,annual_spend_usd_tn,cumulative_before_gt,year
DACCS,0.0,600.0,600.0,1.0,1.0,0.0,0.0,0.05,2026
Enhanced silicate weathering,0.0,200.0,200.0,1.0,1.0,0.0,0.0,0.02,2026
Ocean alkalinity / carbonate weathering,0.0,250.0,250.0,1.0,1.0,0.0,0.0,0.01,2026
Biochar,0.0,160.0,160.0,1.0,1.0,0.0,0.0,1.0,2026
BiCRS / BECCS / durable biomass storage,0.0,160.0,160.0,1.0,1.0,0.0,0.0,0.1,2026
Biological restoration,0.0,60.0,60.0,1.0,1.0,0.0,0.0,10.0,2026
Direct/passive mineral carbonation,0.0,200.0,200.0,1.0,1.0,0.0,0.0,0.02,2026
DACCS,0.27941176470588236,600.0,600.0,1.0,1.0,0.0,0.16764705882352943,0.05,2027
Enhanced silicate weathering,0.11176470588235293,201.5348434836872,200.0,1.0,1.021926335481246,0.04705557204662762,0.022524482507000333,0.02,2027
Ocean alkalinity / carbonate weathering,0.055882352941176466,250.0,250.0,1.0,1.0,0.0,0.013970588235294117,0.01,2027
Biochar,0.08382352941176471,161.5502344886197,160.0,1.0,1.0193779311077464,0.02909536669284625,0.0135417108321343,1.0,2027
BiCRS / BECCS / durable biomass storage,0.16764705882352943,164.9955431054651,160.0,1.0,1.0624442888183137,0.07758764451425666,0.027661017520622094,0.1,2027
Biological restoration,0.08382352941176471,89.92952175323066,60.0,1.0,1.6235317031923056,0.38405884034557036,0.007538209911667865,10.0,2027
Direct/passive mineral carbonation,0.11176470588235293,200.0,200.0,1.0,1.0,0.0,0.022352941176470586,0.02,2027
DACCS,0.5588235294117647,514.0199928015836,514.0199928015836,0.8208749850032991,1.0,0.0,0.28724646656559083,0.32941176470588235,2028
Enhanced silicate weathering,0.22352941176470587,197.65335721438925,194.434518097829,0.9204931156832714,1.0459834159508608,0.09507714275028763,0.044181338671451714,0.13176470588235292,2028
Ocean alkalinity / carbonate weathering,0.11176470588235293,233.7227987341166,233.7227987341166,0.8697823898729328,1.0,0.0,0.026121959858518912,0.06588235294117646,2028
Biochar,0.16764705882352943,161.38334490263372,159.83051318613363,0.9964690247111175,1.019410396456251,0.02914293640286476,0.027055443116029775,1.0838235294117646,2028
BiCRS / BECCS / durable biomass storage,0.33529411764705885,161.8497236662078,156.84541289863415,0.9436680874756095,1.0625538845946711,0.07771449707430601,0.054267260288081445,0.26764705882352946,2028
Biological restoration,0.16764705882352943,90.00832178536155,59.99927384029502,0.9998789733825035,1.6251884988555527,0.3846867605178147,0.015089630416957671,10.083823529411765,2028
Direct/passive mineral carbonation,0.22352941176470587,191.5928504589426,191.5928504589426,0.8949106307367825,1.0,0.0,0.04282663716141069,0.13176470588235292,2028
DACCS,0.8382352941176471,475.1532457298597,475.1532457298597,0.7399025952705411,1.0,0.0,0.39829022068532355,0.888235294117647,2029
Enhanced silicate weathering,0.33529411764705885,196.7615152803066,191.6862369197439,0.8812319559963413,1.0725039765794675,0.144053019571254,0.0659729786528087,0.35529411764705876,2029
Ocean alkalinity / carbonate weathering,0.16764705882352943,226.0280552012302,226.0280552012302,0.8082244416098414,1.0,0.0,0.037892938666088595,0.17764705882352938,2029
Biochar,0.25147058823529417,161.0843694512738,159.52917193838627,0.9901910820497141,1.0194399689110942,0.029186263966289233,0.040507981141423274,1.2514705882352941,2029
BiCRS / BECCS / durable biomass storage,0.5029411764705883,159.3895832565177,154.37728486814459,0.8995943726454388,1.0626537298546639,0.07783003724343793,0.0801635845201898,0.6029411764705883,2029
Biological restoration,0.25147058823529417,90.07946328283384,59.99783971465258,0.9996399524420966,1.6267004910037761,0.38525868435501776,0.022652335619653807,10.251470588235295,2029
Direct/passive mineral carbonation,0.33529411764705885,187.5303351974688,187.5303351974688,0.8441291899683598,1.0,0.0,0.06287781827209249,0.35529411764705876,2029
DACCS,1.1176470588235294,451.28125469877295,451.28125469877295,0.6901692806224436,1.0,0.0,0.5043731670162757,1.7264705882352942,2030
Enhanced silicate weathering,0.44705882352941173,197.04379704312544,189.91076404812196,0.8558680578303136,1.1019004713571927,0.19397169791498414,0.08809016808986783,0.6905882352941176,2030
Ocean alkalinity / carbonate weathering,0.22352941176470587,221.17963383203238,221.17963383203238,0.7694370706562589,1.0,0.0,0.04944015344480724,0.3452941176470588,2030
Biochar,0.33529411764705885,160.70561536368496,159.14827568932395,0.9822557435275827,1.0194667459295124,0.029225493092791457,0.05388364750429437,1.5029411764705882,2030
BiCRS / BECCS / durable biomass storage,0.6705882352941177,157.62892047878685,152.60938852305645,0.8680247950545794,1.06274414944663,0.07793464824744388,0.1057040996151865,1.1058823529411765,2030
Biological restoration,0.33529411764705885,90.14318324189995,59.99573253439803,0.9992887557330046,1.6280718897396231,0.3857765088248471,0.030224479086989983,10.50294117647059,2030
Direct/passive mineral carbonation,0.44705882352941173,184.93821574987265,184.93821574987265,0.8117276968734082,1.0,0.0,0.08267826115876659,0.6905882352941176,2030
DACCS,1.397058823529412,434.41241614154376,434.41241614154376,0.6550258669615495,1.0,0.0,0.6068996990212744,2.8441176470588236,2031
Enhanced silicate weathering,0.5588235294117647,198.0393065314255,188.61090825437395,0.8372986893481994,1.1346914039578793,0.24482185737095855,0.11066902423814955,1.1376470588235295,2031
Ocean alkalinity / carbonate weathering,0.27941176470588236,217.691658665825,217.691658665825,0.7415332693265999,1.0,0.0,0.06082561050956876,0.5688235294117647,2031
Biochar,0.41911764705882354,160.29214811107556,158.73288235381247,0.9736017157044264,1.0194908219657886,0.029260762967240055,0.06718126795831843,1.8382352941176472,2031
BiCRS / BECCS / durable biomass storage,0.8382352941176471,156.2972713300302,151.27123463822815,0.8441291899683598,1.0628254586475259,0.07802870124597346,0.13101388920311358,1.7764705882352942,2031
Biological restoration,0.41911764705882354,90.19973020050783,59.993001219732406,0.9988335366220676,1.6293068537661546,0.38624207116756865,0.037804298686977544,10.838235294117649,2031
Direct/passive mineral carbonation,0.5588235294117647,183.05693898932134,183.05693898932134,0.7882117373665167,1.0,0.0,0.10229652472932664,1.1376470588235295,2031
DACCS,1.6764705882352942,421.53007238630767,421.53007238630767,0.6281876508048078,1.0,0.0,0.7066827684123393,4.241176470588235,2032
Enhanced silicate weathering,0.6705882352941177,199.598470799873,187.59072902810215,0.8227247004014592,1.1715391681681553,0.29659235804148254,0.13384838630109133,1.6964705882352942,2032
Ocean alkalinity / carbonate weathering,0.33529411764705885,214.99091810539124,214.99091810539124,0.71992734484313,1.0,0.0,0.07208519018827825,0.8482352941176471,2032
Biochar,0.5029411764705883,159.87398085014433,158.31299776571626,0.9648541201190889,1.0195122885553507,0.029292208383877767,0.08040720801580789,2.2573529411764706,2032
BiCRS / BECCS / durable biomass storage,1.0058823529411767,155.23915562252702,150.2073185507178,0.8251306884056749,1.0628979633976152,0.07811255569034069,0.15615232712618896,2.614705882352941,2032
Biological restoration,0.5029411764705883,90.24936052928749,59.98970517956949,0.9982841965949153,1.630409486452458,0.3866571506671864,0.045390119560318125,11.257352941176473,2032
Direct/passive mineral carbonation,0.6705882352941177,181.59033203486007,181.59033203486007,0.769879150435751,1.0,0.0,0.1217723403057297,1.6964705882352942,2032
DACCS,1.9558823529411764,411.19561096961195,411.19561096961195,0.6066575228533583,1.0,0.0,0.8042502391023293,5.91764705882353,2033
Enhanced silicate weathering,0.7823529411764705,201.68529803816054,186.7538871359212,0.8107698162274454,1.2133058700319908,0.34927223695794907,0.15778908611220793,2.367058823529412,2033
Ocean alkalinity / carbonate weathering,0.39117647058823524,212.79980624227233,212.79980624227233,0.7023984499381786,1.0,0.0,0.0832422771477124,1.183529411764706,2033
Biochar,0.586764705882353,159.4679417429482,157.90544299116536,0.9563633956492785,1.0195312343972855,0.029319959877374145,0.0935701599344652,2.760294117647059,2033
BiCRS / BECCS / durable biomass storage,1.173529411764706,154.36696250144996,149.33000565878348,0.8094643867639904,1.0629619605333314,0.07818655967299769,0.181154170700231,3.620588235294118,2033
Biological restoration,0.586764705882353,90.29233442218342,59.985910471724424,0.9976517452874041,1.631383832301229,0.3870234703813385,0.05298035505066351,11.760294117647062,2033
Direct/passive mineral carbonation,0.7823529411764705,180.39386507240522,180.39386507240522,0.7549233134050654,1.0,0.0,0.1411316709095876,2.367058823529412,2033
DACCS,2.235294117647059,402.6182576147337,402.6182576147337,0.5887880366973619,1.0,0.0,0.8999702229035225,7.873529411764706,2034
Enhanced silicate weathering,0.8941176470588235,204.32581902131125,186.04614433160586,0.8006592047372265,1.261138209852934,0.4028507045821427,0.18269132053670178,3.1494117647058824,2034
Ocean alkalinity / carbonate weathering,0.44705882352941173,210.963873453876,210.963873453876,0.687710987631008,1.0,0.0,0.0943132610734975,1.5747058823529412,2034
Biochar,0.6705882352941177,159.0820923646673,157.5182727298495,0.9482973485385318,1.0195477454352224,0.029344143850740332,0.10667857958571807,3.347058823529412,2034
BiCRS / BECCS / durable biomass storage,1.3411764705882354,153.62807408727298,148.58665504583797,0.796190268675678,1.0630177380179375,0.07825105026864088,0.20604235818763672,4.794117647058824,2034
Biological restoration,0.6705882352941177,90.32891204087127,59.98168609854446,0.996947683090744,1.6322338737984752,0.38734269882977224,0.06057350572152545,12.347058823529414,2034
Direct/passive mineral carbonation,0.8941176470588235,179.38664704405966,179.38664704405966,0.7423330880507458,1.0,0.0,0.16039276676880626,3.1494117647058824,2034
DACCS,2.514705882352941,395.3196992781052,395.3196992781052,0.573582706829386,1.0,0.0,0.9941127731846469,10.108823529411765,2035
Enhanced silicate weathering,1.0058823529411764,207.59612380361017,185.4340384008861,0.7919148342983728,1.3166012200389154,0.45731714139023755,0.20881727747304316,4.043529411764705,2035
Ocean alkalinity / carbonate weathering,0.5029411764705882,209.38876033171374,209.38876033171374,0.67511008265371,1.0,0.0,0.10531022946095014,2.0217647058823527,2035
Biochar,0.7544117647058823,158.7194168111002,157.1544644161758,0.9407180086703293,1.019561904936555,0.029364882700108563,0.11973979532955058,4.017647058823529,2035
BiCRS / BECCS / durable biomass storage,1.5088235294117647,152.98886349916853,147.9436174855951,0.7847074550999124,1.0630655751696678,0.07830635386695615,0.23083319698551016,6.13529411764706,2035
Biological restoration,0.7544117647058823,90.35935015380986,59.97710077977099,0.9961834632951663,1.6329635286258097,0.38761645164143294,0.06816815680721244,13.017647058823531,2035
Direct/passive mineral carbonation,1.0058823529411764,178.51901472369974,178.51901472369974,0.7314876840462466,1.0,0.0,0.17956912657501561,4.043529411764705,2035
DACCS,2.794117647058824,388.9899563535423,388.9899563535423,0.5603957424032132,1.0,0.0,1.0868837015760742,12.623529411764707,2036
Enhanced silicate weathering,1.1176470588235294,211.62837941739556,184.89551404621113,0.7842216292315874,1.3818980767312061,0.51266109453722,0.23652583581944212,5.049411764705882,2036
Ocean alkalinity / carbonate weathering,0.5588235294117647,208.01279138112443,208.01279138112443,0.6641023310489955,1.0,0.0,0.11624244224239307,2.524705882352941,2036
Biochar,0.8382352941176471,158.48133578972664,156.81430163851402,0.9336312841357088,1.0208379268901575,0.031230823178749898,0.1328446491178591,4.772058823529411,2036
BiCRS / BECCS / durable biomass storage,1.6764705882352942,152.76946404257296,147.37824036723822,0.774611435129254,1.067390295941684,0.08328219514333303,0.25611351324784287,7.644117647058825,2036
Biological restoration,0.8382352941176471,90.38389946576834,59.97222039940843,0.9953700665680719,1.6335766472158313,0.38784629316026337,0.07576297455218817,13.772058823529413,2036
Direct/passive mineral carbonation,1.1176470588235294,177.7583704082386,177.7583704082386,0.7219796301029822,1.0,0.0,0.19867111986803138,5.049411764705882,2036
DACCS,3.073529411764706,383.41738034449713,383.41738034449713,0.5487862090510357,1.0,0.0,1.1784445954705869,15.417647058823531,2037
Enhanced silicate weathering,1.2294117647058824,216.6328133173263,184.4152882917884,0.7773612613112628,1.4602503575076842,0.5688722745995344,0.2663309293136541,6.167058823529411,2037
Ocean alkalinity / carbonate weathering,0.6147058823529412,206.7935403740667,206.7935403740667,0.6543483229925335,1.0,0.0,0.12711720570052926,3.0835294117647054,2037
Biochar,0.9220588235294118,158.33537045429136,156.49675100719088,0.9270156459831435,1.022982743088756,0.034353905496624884,0.14599452540417748,5.610294117647058,2037
BiCRS / BECCS / durable biomass storage,1.8441176470588236,152.85232681318138,146.87461609945746,0.7656181446331687,1.0747213839215493,0.09161041465766635,0.28187767327019037,9.32058823529412,2037
Biological restoration,0.9220588235294118,90.40280269705208,59.967106186747216,0.9945176977912036,1.6340770106313514,0.3880337380099152,0.08335670189860538,14.61029411764706,2037
Direct/passive mineral carbonation,1.2294117647058824,177.08220782859377,177.08220782859377,0.7135275978574223,1.0,0.0,0.21770694962456527,6.167058823529411,2037
DACCS,3.3529411764705883,378.45143075750093,378.45143075750093,0.5384404807447936,1.0,0.0,1.2689253854810327,18.491176470588236,2038
Enhanced silicate weathering,1.3411764705882354,222.94426963211725,183.98234710647117,0.7711763872353022,1.5565988932235155,0.6259405523938212,0.2990076086830749,7.396470588235293,2038
Ocean alkalinity / carbonate weathering,0.6705882352941177,205.7006297896212,205.7006297896212,0.6456050383169694,1.0,0.0,0.13794042232951068,3.6982352941176466,2038
Biochar,1.0058823529411767,158.21133447950152,156.2002116361836,0.9208377424204921,1.0251390355414738,0.03747698781449988,0.1591419893882045,6.53235294117647,2038
BiCRS / BECCS / durable biomass storage,2.0117647058823533,152.9948636938022,146.42118008419166,0.7575210729319939,1.0821710451201316,0.09993863417199968,0.30778966696047266,11.164705882352942,2038
Biological restoration,1.0058823529411767,90.41629336809908,59.96181358811924,0.9936355980198739,1.6344683287495798,0.3881802526176621,0.09094815391732321,15.532352941176471,2038
Direct/passive mineral carbonation,1.3411764705882354,176.4743596329813,176.4743596329813,0.7059294954122661,1.0,0.0,0.23668325880188085,7.396470588235293,2038
DACCS,3.6323529411764697,373.9814482159559,373.9814482159559,0.5291280171165749,1.0,0.0,1.358432613372663,21.844117647058823,2039
Enhanced silicate weathering,1.452941176470588,231.1187826858934,183.58849803550254,0.7655499719357507,1.679004066434155,0.6838559558696791,0.3358019960200921,8.737647058823528,2039
Ocean alkalinity / carbonate weathering,0.726470588235294,204.71159597376896,204.71159597376896,0.6376927677901516,1.0,0.0,0.14871695354564976,4.368823529411764,2039
Biochar,1.089705882352941,158.10745871881807,155.9229064635522,0.9150605513240044,1.027306903190823,0.040600070132374856,0.17229062780977086,7.538235294117646,2039
BiCRS / BECCS / durable biomass storage,2.179411764705882,153.1886657019744,146.0092799937987,0.7501657141749767,1.0897423213521962,0.10826685368633295,0.3338611802504795,13.176470588235295,2039
Biological restoration,1.089705882352941,90.42459518252716,59.95639172334795,0.9927319538913252,1.6347542387329002,0.3882872566979235,0.09853621327978325,16.538235294117648,2039
Direct/passive mineral carbonation,1.452941176470588,175.92283515452397,175.92283515452397,0.6990354394315496,1.0,0.0,0.2556055310774554,8.737647058823528,2039
DACCS,3.911764705882353,369.92385577353707,369.92385577353707,0.5206746995282022,1.0,0.0,1.4470550828788362,25.476470588235294,2040
Enhanced silicate weathering,1.564705882352941,242.15059764428563,183.22748672791627,0.760392667541661,1.8417587273767049,0.742608667074453,0.3788944645492939,10.190588235294117,2040
Ocean alkalinity / carbonate weathering,0.7823529411764705,203.8093805371585,203.8093805371585,0.6304750442972679,1.0,0.0,0.15945086830260044,5.095294117647058,2040
Biochar,1.173529411764706,158.02199321971074,155.66307752706408,0.9096474484805019,1.0294864461580835,0.043723152450249866,0.18544345674901347,8.627941176470587,2040
BiCRS / BECCS / durable biomass storage,2.347058823529412,153.42735320298868,145.63228425551046,0.7434336474198299,1.0974383618434778,0.11659507320066625,0.36010302310583814,15.355882352941178,2040
Biological restoration,1.173529411764706,90.42792187580966,59.95088329494141,0.9918138824902357,1.6349383037680882,0.3883561246957931,0.10611982596602369,17.62794117647059,2040
Direct/passive mineral carbonation,1.564705882352941,175.4185045734149,175.4185045734149,0.6927313071676864,1.0,0.0,0.2744783659795786,10.190588235294117,2040
DACCS,4.1911764705882355,366.2140826310557,366.2140826310557,0.5129460054813662,1.0,0.0,1.5348678463213363,29.388235294117646,2041
Enhanced silicate weathering,1.676470588235294,258.03384601059196,182.89443322041257,0.7556347602916078,2.073420182716849,0.8021890191881061,0.43258615360599234,11.755294117647058,2041
Ocean alkalinity / carbonate weathering,0.838235294117647,202.9807384662148,202.9807384662148,0.6238459077297184,1.0,0.0,0.17014561900844474,5.877647058823529,2041
Biochar,1.2573529411764706,157.9532977408282,155.41907647992807,0.9045640933318349,1.0316777657612515,0.04684623476812484,0.1986030434829531,9.801470588235293,2041
BiCRS / BECCS / durable biomass storage,2.514705882352941,153.705998976793,145.2850047303431,0.7372322273275553,1.1052624280806238,0.12492329271499958,0.3865253797798765,17.70294117647059,2041
Biological restoration,1.2573529411764706,90.42647739746931,59.94532481875281,0.9908874697921346,1.6350240120565938,0.38838818719110857,0.11369799731593568,18.801470588235293,2041
Direct/passive mineral carbonation,1.676470588235294,174.95426161435103,174.95426161435103,0.6869282701793878,1.0,0.0,0.29330567388288253,11.755294117647058,2041
DACCS,4.470588235294118,362.8012709372771,362.8012709372771,0.5058359811193274,1.0,0.0,1.6219350936019445,33.57941176470588,2042
Enhanced silicate weathering,1.788235294117647,283.58156548365184,182.58545871453907,0.7512208387791295,2.4428015252730395,0.8625874936262921,0.5071105641590009,13.431764705882351,2042
Ocean alkalinity / carbonate weathering,0.8941176470588235,202.21518944496756,202.21518944496756,0.6177215155597406,1.0,0.0,0.18080416938608862,6.7158823529411755,2042
Biochar,1.3411764705882354,157.89987740492364,155.18940024225782,0.8997791717137047,1.033880964533323,0.04996931708599984,0.21177160028425054,11.058823529411764,2042
BiCRS / BECCS / durable biomass storage,2.682352941176471,154.02074222089172,144.96331030658982,0.7314876840462466,1.1132178989287738,0.1332515122293329,0.4131379908983919,20.21764705882353,2042
Biological restoration,1.3411764705882354,90.42045631103711,59.93974706116849,0.9899578435280824,1.6350147760389295,0.38838473226361225,0.1212697884642145,20.058823529411764,2042
Direct/passive mineral carbonation,1.788235294117647,174.52447057031753,174.52447057031753,0.6815558821289692,1.0,0.0,0.3120908179610384,13.431764705882351,2042
DACCS,4.75,359.644693563948,359.644693563948,0.4992597782582251,1.0,0.0,1.7083122944287532,38.05,2043
Enhanced silicate weathering,1.9,335.24603313870506,182.29743062780128,0.7471061518257324,3.184980035870054,0.9237947172098104,0.6369674629635396,15.219999999999999,2043
Ocean alkalinity / carbonate weathering,0.95,201.50430480073038,201.50430480073038,0.612034438405843,1.0,0.0,0.19142908956069385,7.609999999999999,2043
Biochar,1.425,157.8603903818704,154.9726986825971,0.8952645558874398,1.0360961462409162,0.053092399403874835,0.2249510562941653,12.4,2043
BiCRS / BECCS / durable biomass storage,2.85,154.36852287017098,144.66386078742835,0.7261403712040779,1.1213082760342827,0.1415797317436662,0.43995029017998727,22.900000000000002,2043
Biological restoration,1.425,90.41004431911193,59.93417559094496,0.9890292651574932,1.6349139318368118,0.3883470068197972,0.1288343131547345,21.4,2043
Direct/passive mineral carbonation,1.9,174.12458943035577,174.12458943035577,0.6765573678794472,1.0,0.0,0.33083671991767594,15.219999999999999,2043
DACCS,4.75,356.7112622056665,356.7112622056665,0.493148462928472,1.0,0.0,1.6943784954769159,42.8,2044
Enhanced silicate weathering,1.9,345.22012865824223,182.02778370463426,0.7432540529233462,3.331319213622971,0.9310347116543023,0.6559182444506602,17.119999999999997,2044
Ocean alkalinity / carbonate weathering,0.95,200.84120931298324,200.84120931298324,0.606729674503866,1.0,0.0,0.19079914884733407,8.559999999999999,2044
Biochar,1.425,157.65546040076913,154.76776870149587,0.8909951812811637,1.0360961462409162,0.053092399403874835,0.22465903107109603,13.825000000000001,2044
BiCRS / BECCS / durable biomass storage,2.85,154.0885810923234,144.38391900958078,0.721141410885371,1.1213082760342827,0.1415797317436662,0.4391524561131217,25.750000000000004,2044
Biological restoration,1.425,87.72273052298166,59.92863137757764,0.9881052295962729,1.5790437321959172,0.3667053168886353,0.12500489099524886,22.825,2044
Direct/passive mineral carbonation,1.9,173.7509060030154,173.7509060030154,0.6718863250376924,1.0,0.0,0.3301267214057292,17.119999999999997,2044
DACCS,4.75,354.11732003443393,354.11732003443393,0.4877444167384041,1.0,0.0,1.6820572701635612,47.55,2045
Enhanced silicate weathering,1.9,356.8158468647218,181.78772323612256,0.7398246176588937,3.500401766122846,0.9382198264744277,0.6779501090429714,19.019999999999996,2045
Ocean alkalinity / carbonate weathering,0.95,200.2528449391798,200.2528449391798,0.6020227595134383,1.0,0.0,0.1902402026922208,9.509999999999998,2045
Biochar,1.425,157.4714903159559,154.5837986166826,0.8871624711808874,1.0360961462409162,0.053092399403874835,0.22439687370023714,15.250000000000002,2045
BiCRS / BECCS / durable biomass storage,2.85,153.83969002295953,144.1350279402169,0.7166969275038735,1.1213082760342827,0.1415797317436662,0.43844311656543467,28.600000000000005,2045
Biological restoration,1.425,85.46558793386532,59.92342775085576,0.9872379584759601,1.5321283371460326,0.34731316185774164,0.12178846280575809,24.25,2045
Direct/passive mineral carbonation,1.9,173.41877809088038,173.41877809088038,0.6677347261360049,1.0,0.0,0.32949567837267274,19.019999999999996,2045
DACCS,4.75,351.79506487366086,351.79506487366086,0.4829063851534601,1.0,0.0,1.671026558149889,52.3,2046
Enhanced silicate weathering,1.9,370.5030064437783,181.5714936163876,0.7367356230912516,3.6990216118198673,0.94535068330082,0.7039557122431787,20.919999999999995,2046
Ocean alkalinity / carbonate weathering,0.95,199.72448191911764,199.72448191911764,0.5977958553529412,1.0,0.0,0.18973825782316175,10.459999999999997,2046
Biochar,1.425,157.3046549837327,154.4169632844594,0.8836867350929045,1.0360961462409162,0.053092399403874835,0.22415913335181908,16.675,2046
BiCRS / BECCS / durable biomass storage,2.85,153.6157837188574,143.91112163611479,0.7126986006449066,1.1213082760342827,0.1415797317436662,0.43780498359874354,31.450000000000006,2046
Biological restoration,1.425,83.54257869473166,59.91852552627256,0.9864209210454273,1.4921677743428978,0.329834072820419,0.11904817463999262,25.675,2046
Direct/passive mineral carbonation,1.9,173.1200685585928,173.1200685585928,0.6640008569824102,1.0,0.0,0.32892813026132633,20.919999999999995,2046
DACCS,4.75,349.69494869354776,349.69494869354776,0.478531143111558,1.0,0.0,1.6610510062943518,57.05,2047
Enhanced silicate weathering,1.9,386.98137269077114,181.37486270462375,0.7339266100660533,3.937235856944963,0.9524278944110088,0.7352646081124651,22.819999999999993,2047
Ocean alkalinity / carbonate weathering,0.95,199.2453224391459,199.2453224391459,0.5939625795131671,1.0,0.0,0.18928305631718859,11.409999999999997,2047
Biochar,1.425,157.15208417133337,154.26439247206008,0.8805081765012519,1.0360961462409162,0.053092399403874835,0.22394171994415007,18.1,2047
BiCRS / BECCS / durable biomass storage,2.85,153.41240518368306,143.70774310094043,0.7090668410882219,1.1213082760342827,0.1415797317436662,0.4372253547734967,34.300000000000004,2047
Biological restoration,1.425,81.88429276053603,59.91389190243398,0.9856486504056639,1.4577166845437923,0.3139956408518707,0.11668511718376384,27.1,2047
Direct/passive mineral carbonation,1.9,172.8488032078669,172.8488032078669,0.6606100400983361,1.0,0.0,0.32841272609494704,22.819999999999993,2047
DACCS,4.75,347.77969584404605,347.77969584404605,0.47454103300842937,1.0,0.0,1.6519535552592188,61.8,2048
Enhanced silicate weathering,1.9,407.344873654029,181.19462870879627,0.7313518386970894,4.230717784931896,0.9594520629046696,0.773955259942655,24.71999999999999,2048
Ocean alkalinity / carbonate weathering,0.95,198.80722011968948,198.80722011968948,0.5904577609575157,1.0,0.0,0.18886685911370502,12.359999999999996,2048
Biochar,1.425,157.01156972973212,154.12387803045883,0.8775807923012257,1.0360961462409162,0.053092399403874835,0.22374148686486828,19.525000000000002,2048
BiCRS / BECCS / durable biomass storage,2.85,153.2261850188612,143.52152293611857,0.7057414810021176,1.1213082760342827,0.1415797317436662,0.4366946273037544,37.150000000000006,2048
Biological restoration,1.425,80.4393162967475,59.90949914703309,0.9849165245055157,1.4277045239523838,0.29957495880754687,0.11462602572286519,28.525000000000002,2048
Direct/passive mineral carbonation,1.9,172.60046853606607,172.60046853606607,0.657505856700826,1.0,0.0,0.3279408902185255,24.71999999999999,2048
DACCS,4.75,346.02057970411647,346.02057970411647,0.4708762077169094,1.0,0.0,1.6435977535945534,66.55,2049
Enhanced silicate weathering,1.9,433.4199324906167,181.02831147686337,0.7289758782409052,4.6055945859107625,0.9664237828749507,0.8234978717321717,26.61999999999999,2049
Ocean alkalinity / carbonate weathering,0.95,198.40388064290153,198.40388064290153,0.5872310451432123,1.0,0.0,0.18848368661075646,13.309999999999995,2049
Biochar,1.425,156.8813769144964,153.9936852152231,0.8748684419838151,1.0360961462409162,0.053092399403874835,0.2235559621031574,20.950000000000003,2049
BiCRS / BECCS / durable biomass storage,2.85,153.05451514456388,143.34985306182125,0.7026759475325224,1.1213082760342827,0.1415797317436662,0.43620536816200706,40.00000000000001,2049
Biological restoration,1.425,79.1687533712417,59.905323604292555,0.9842206007154259,1.4013214534781075,0.28638786088803514,0.11281547355401943,29.950000000000003,2049
Direct/passive mineral carbonation,1.9,172.37157272848611,172.37157272848611,0.6546446591060763,1.0,0.0,0.32750598818412363,26.61999999999999,2049
DACCS,4.75,344.39500794129555,344.39500794129555,0.4674895998776991,1.0,0.0,1.635876287721154,71.3,2050
Enhanced silicate weathering,1.9,468.54818599099485,180.87395123664336,0.7267707319520479,5.109631925062165,0.9733436395759717,0.8902415533828901,28.51999999999999,2050
Ocean alkalinity / carbonate weathering,0.95,198.03034195559513,198.03034195559513,0.5842427356447609,1.0,0.0,0.18812882485781537,14.259999999999994,2050
Biochar,1.425,156.7601183786848,153.87242667941152,0.8723422224877403,1.0360961462409162,0.053092399403874835,0.22338316868962585,22.375000000000004,2050
BiCRS / BECCS / durable biomass storage,2.85,152.89533616529434,143.1906740825517,0.6998334657598522,1.1213082760342827,0.1415797317436662,0.4357517080710889,42.85000000000001,2050
Biological restoration,1.425,78.0426340970975,59.90134493391847,0.9835574889864128,1.3779435242328963,0.2742808522891374,0.11121075358836394,31.375000000000004,2050
Direct/passive mineral carbonation,1.9,172.15935981911554,172.15935981911554,0.651991997738944,1.0,0.0,0.3271027836563195,28.51999999999999,2050
