year,sector,energy_related,gross_emissions_gtco2,dirty_stock_fraction,annual_transition_investment_usd_tn,cumulative_transition_investment_usd_tn,learning_factor,natural_clean_retirement_fraction,early_retirement_fraction
2026,Power,True,13.8,1.0,0.0,0.0,1.0,0.0,0.0
2026,Industry,True,9.2,1.0,0.0,0.0,1.0,0.0,0.0
2026,Road transport,True,6.1,1.0,0.0,0.0,1.0,0.0,0.0
2026,Buildings,True,3.0,1.0,0.0,0.0,1.0,0.0,0.0
2026,Aviation and shipping,True,2.2,1.0,0.0,0.0,1.0,0.0,0.0
2026,Other energy,True,4.1,1.0,0.0,0.0,1.0,0.0,0.0
2026,Land-use CO2,False,3.8,1.0,0.0,0.0,1.0,0.0,0.0
2027,Power,True,13.464812145643764,0.9581609464629465,0.7207605214399609,0.7207605214399609,0.9667462030390501,0.03333333333333333,0.008505720203720167
2027,Industry,True,9.076187362204143,0.9735663584267238,0.4239319712340981,0.4239319712340981,1.0,0.026433641573276247,0.0
2027,Road transport,True,5.9424223935355736,0.9591106285045679,0.4371780511217058,0.4371780511217058,1.0,0.0408893714954322,0.0
2027,Buildings,True,2.961010010877338,0.9744584505713004,0.2275694227597135,0.2275694227597135,1.0,0.025541549428699552,0.0
2027,Aviation and shipping,True,2.2154405813712086,0.9872145329017826,0.11391561719373608,0.11391561719373608,1.0,0.012785467098217327,0.0
2027,Other energy,True,4.009291546694097,0.96615048745672,0.30159149317372114,0.30159149317372114,1.0,0.033849512543279954,0.0
2027,Land-use CO2,False,3.6591514197647643,0.9614113478807574,0.2750529230770644,0.2750529230770644,1.0,0.03333333333333333,0.005255318785909208
2028,Power,True,12.88481186003089,0.9002582712476395,0.862715623826293,1.5834761452662538,0.8361272344553448,0.03193869821543155,0.025963976999875446
2028,Industry,True,8.873029048550874,0.938799808998519,0.5127894544716509,0.936721425705749,0.9196833466499018,0.03476654942820481,0.0
2028,Road transport,True,5.679489643680763,0.9021917168929855,0.5223165945998614,0.9594946457215672,0.8582806520561946,0.05691891161158231,0.0
2028,Buildings,True,2.90450920534283,0.9435065984159873,0.27546630895757007,0.5030357317172836,0.998884281331854,0.03095185215531313,0.0
2028,Aviation and shipping,True,2.224712025891002,0.9713972703279661,0.14092822847770098,0.25484384567143703,1.0,0.015817262573816597,0.0
2028,Other energy,True,3.882840751650806,0.9238204438628744,0.36132399609427535,0.6629154892679965,0.9580350991132831,0.04233004359384563,0.0
2028,Land-use CO2,False,3.490755934577416,0.9152755985143606,0.3244597935726486,0.599512716649713,0.9866580257632052,0.03204704492935858,0.014088704437038219
2029,Power,True,12.056825877497323,0.8269644416028877,0.997915437625491,2.5813915828917446,0.7640638676779166,0.03000860904158798,0.043285220603163775
2029,Industry,True,8.576875367836983,0.8945190030839343,0.6054535326079776,1.5421749583137268,0.85256230585379,0.03755199235994076,0.0067288135546438935
2029,Road transport,True,5.301854130997156,0.8285003942739451,0.6031555678805997,1.5626502136021667,0.7655350423609187,0.060146114459532364,0.01354520815950807
2029,Buildings,True,2.8182223018859376,0.9032735959891004,0.3265121967159302,0.8295479284332137,0.9108572025138896,0.03774026393663949,0.002492738490247365
2029,Aviation and shipping,True,2.2266952201209547,0.9521774010309142,0.1712446840258089,0.4260885296972459,1.0,0.019219869297051866,0.0
2029,Other energy,True,3.7096097991556816,0.8705098170124607,0.42221127349066817,1.0851267627586647,0.8888927571808537,0.04619102219314372,0.007119604657269997
2029,Land-use CO2,False,3.2898315200651616,0.8602278137164826,0.37350730765352474,0.9730200243032376,0.9519247105991171,0.030509186617145353,0.024538598180732677
2030,Power,True,10.974285387873756,0.7387045471914011,1.1241774873889174,3.705569070280662,0.7147839895388193,0.027565481386762923,0.06069441302472362
2030,Industry,True,8.177959261344336,0.8400309462119211,0.7036447440711501,2.245819702384877,0.8052170343456823,0.035780760123357375,0.01870729674865581
2030,Road transport,True,4.807140672486098,0.7384540470741169,0.6773482596330793,2.239998473235246,0.7035549203764617,0.055233359618263006,0.034812987581565105
2030,Buildings,True,2.6984877217135192,0.8529103938780586,0.38119388959964645,1.2107418180328602,0.8495049757519735,0.036130943839564014,0.014232258271477755
2030,Aviation and shipping,True,2.2184930888434784,0.9283384349799685,0.20647521053769638,0.6325637402349423,0.9721064706102797,0.023838966050945695,0.0
2030,Other energy,True,3.486594709079661,0.8058293772224472,0.4843153679837959,1.5694421307424606,0.8404049800592253,0.04352549085062303,0.02115494893939035
2030,Land-use CO2,False,3.0562102698384246,0.7962219917365547,0.42284504078571444,1.3958650650889521,0.9268407215683157,0.028674260457216088,0.035331561522711774
2031,Power,True,9.7571710615691,0.6443473255841942,1.1436741896286782,4.84924325990934,0.6801904208991758,0.024623484906380038,0.06973373670082697
2031,Industry,True,7.711187047250263,0.7794813818290914,0.748471144051588,2.994290846436465,0.7707701104986564,0.03360123784847684,0.026948326534352897
2031,Road transport,True,4.2508853028187525,0.6414167731429266,0.685635116153813,2.925633589389059,0.660855563857757,0.04923026980494113,0.04780700412624916
2031,Buildings,True,2.5554505180125893,0.7960941148396667,0.4076271410567622,1.6183689590896224,0.8052368412043794,0.034116415755122344,0.02269986328326943
2031,Aviation and shipping,True,2.2013368275142793,0.9007809780231986,0.22994343173794002,0.8625071719728823,0.9365160017148847,0.027557456956769925,0.0
2031,Other energy,True,3.2342779103515156,0.7351993338822721,0.5068391664988272,2.076281297241288,0.8054044535741346,0.04029146886112236,0.030338574479052714
2031,Land-use CO2,False,2.8093881380694596,0.7285994898820438,0.43780981087239174,1.833674875961344,0.9083173282236089,0.02654073305788516,0.04108176879662576
2032,Power,True,8.421980260492195,0.5453782020461386,1.1532886698117397,6.00253192972108,0.6539456225853669,0.021478244186139805,0.07749087935191575
2032,Industry,True,7.170881984468354,0.7125169195255153,0.7985501000155267,3.7928409464519914,0.7435644344409569,0.031179255273163658,0.03578520703041241
2032,Road transport,True,3.6433949133732284,0.5393291939983345,0.6865347646552388,3.6121683540442975,0.6289870644833888,0.04276111820952844,0.05932646093506366
2032,Buildings,True,2.3869215648174262,0.7323809743767103,0.43738005825609816,2.0557490173457205,0.7704834194429245,0.03184376459358667,0.03186937586936978
2032,Aviation and shipping,True,2.1731903859764032,0.8687849057391395,0.2586871409788787,1.121194312951761,0.9074265944168133,0.03199607228405906,0.0
2032,Other energy,True,2.9519296911116983,0.6586485806799433,0.5306470290339831,2.6069283262752707,0.7780179203017932,0.036759966694113605,0.03979078650821524
2032,Land-use CO2,False,2.5486837005474627,0.6571736165883459,0.45491223724853563,2.2885871132098794,0.8935428933110848,0.024286649662734795,0.047139223630963095
2033,Power,True,7.205819362078989,0.457390518782695,1.1499298966283744,7.152461826349454,0.6331447956442503,0.018179273401537955,0.06980840986190574
2033,Industry,True,6.548903957045173,0.6385495237610572,0.8552148223420796,4.648055768794071,0.7209343478072503,0.028500676781020612,0.04546671898343742
2033,Road transport,True,2.9971007706134603,0.434344427227736,0.6781056532642425,4.29027400730854,0.604119929008641,0.035955279599888965,0.06902948717070952
2033,Buildings,True,2.1897687294038723,0.661056545878889,0.47134023418566184,2.5270892515313825,0.7417021608079196,0.029295238975068413,0.04202918952275303
2033,Aviation and shipping,True,2.1311444854317942,0.8312904148261361,0.29474878152719214,1.415943094478953,0.8823032695697391,0.03475139622956558,0.0027430946834377593
2033,Other energy,True,2.6382201069137654,0.5760639833712935,0.5558981527122498,3.1628264789875207,0.755491368439081,0.032932429033997165,0.04965216827465255
2033,Land-use CO2,False,2.2768328811520835,0.5826939400416667,0.474762459340199,2.7633495725500783,0.8811647134344018,0.02190578721961153,0.052573889327067684
2034,Power,True,6.167373764147344,0.3835981817524202,1.1553534892520807,8.307815315601536,0.6158992490360599,0.015246350626089833,0.05854598640418496
2034,Industry,True,5.84059075334083,0.5573860312382046,0.9131762847517719,5.561232053545844,0.7015436918688661,0.02554198095044229,0.05562151157241034
2034,Road transport,True,2.3745348044157764,0.3358930237227825,0.6523743439501346,4.942648351258674,0.5843990287963121,0.02895629514851573,0.06949510835643777
2034,Buildings,True,1.9617860313418825,0.5817371082173955,0.5067997382763265,3.033888989807709,0.7171171135548211,0.026442261835155557,0.05287717582633784
2034,Aviation and shipping,True,2.0716991883632097,0.7870648954792471,0.338804997567467,1.75474809204642,0.8598252559608982,0.033251616593045444,0.010973902753843606
2034,Other energy,True,2.294377513619558,0.48795174298918154,0.5781622302825028,3.7409887092700234,0.7364559995800627,0.028803199168564674,0.0593090412135473
2034,Land-use CO2,False,2.035791821288181,0.5166552935036113,0.4953289159197162,3.2586784884697946,0.8704788729070045,0.019423131334722225,0.046615515203333346
2035,Power,True,5.2806762843569794,0.3217110084296964,1.1782413706893742,9.48605668629091,0.6010173723685605,0.012786606058414007,0.04910056726430979
2035,Industry,True,5.16596059608446,0.48158153098980877,0.9639840837575291,6.525216137303373,0.6847027603757242,0.022295441249528185,0.05350905899886765
2035,Road transport,True,1.8857478217202748,0.2597572716789518,0.6117276289649456,5.55437598022362,0.568627458170215,0.0223928682481855,0.053742883795645215
2035,Buildings,True,1.728489273686139,0.5026208614998298,0.5392617448001668,3.5731507346078755,0.6958031914866599,0.02326948432869582,0.05584676238886997
2035,Aviation and shipping,True,1.990840183963078,0.7347588938454473,0.39112534334420906,2.1458734353906292,0.8392623984583654,0.03148259581916988,0.02082340581462979
2035,Other energy,True,1.9482858401890724,0.40109633273710726,0.5911087984675436,4.332097507737567,0.7202154107481037,0.024397587149459075,0.06245782310261524
2035,Land-use CO2,False,1.8220687482088538,0.4581010269065353,0.5245510299762312,3.7832295184460256,0.8609172906419214,0.017221843116787042,0.04133242348028891
2036,Power,True,4.294310182591575,0.2558259228882664,1.156206364040771,10.642263050331682,0.5884036206882688,0.01072370028098988,0.05516138526044011
2036,Industry,True,4.420076719018978,0.40038837692130824,0.9692078956391943,7.494424032942566,0.6704402848523769,0.01926326123959235,0.061929892828908144
2036,Road transport,True,1.4035014837536937,0.18676681965554423,0.5519509208737816,6.106326901097401,0.5561357413072959,0.017317151445263454,0.0556733005781441
2036,Buildings,True,1.4706796565783438,0.41788054149228837,0.5420870416628003,4.115237776270676,0.6779117321604595,0.02010483445999319,0.06463548554754825
2036,Aviation and shipping,True,1.8461947335384665,0.6563221330640016,0.4283671423255343,2.5742405777161634,0.8210868649445452,0.029390355753817893,0.04904640502762787
2036,Other energy,True,1.5861816145388583,0.3122685218385518,0.5643267963841213,4.896424304121688,0.7069338224765872,0.020054816636855363,0.06877299426170005
2036,Land-use CO2,False,1.5871474061476014,0.3937390153829045,0.5345205057404631,4.317750024186489,0.8525388548215456,0.015270034230217843,0.04909197729341298
2037,Power,True,3.3101382685802143,0.19231498739455205,1.1250005486326644,11.767263598964346,0.5775994524487458,0.008527530762942213,0.05498340473077213
2037,Industry,True,3.6611048429465423,0.3198327164853373,0.980588693813516,8.475012726756082,0.6580256425651746,0.01601553507685233,0.06454012535911861
2037,Road transport,True,0.9795897692143923,0.12413960829406491,0.48421094535728976,6.590537846454691,0.5462738846150901,0.012451121310369616,0.05017609005110969
2037,Buildings,True,1.2084468585867678,0.33380556593457267,0.5483556055696962,4.663593381840372,0.662451591847564,0.016715221659691536,0.06735975389802415
2037,Aviation and shipping,True,1.6520472784263789,0.559539207101692,0.46941573947983367,3.043656317195997,0.8047076364881133,0.026252885322560062,0.07053004063974945
2037,Other energy,True,1.2425893929194336,0.22954076140909901,0.5336135574150331,5.4300378615367215,0.6959053927803401,0.01561342609192759,0.06711433433752519
2037,Land-use CO2,False,1.3461931121022144,0.32772414030197655,0.5521482430653007,4.86989826725179,0.8449805916519708,0.013124633846096818,0.05289024123483116
2038,Power,True,2.4148450238503645,0.13621267842587428,1.0830545336560775,12.850318132620425,0.5682960963039931,0.006410499579818402,0.04969180938885937
2038,Industry,True,2.9412262350552467,0.24505880012904013,0.9976421810085708,9.472654907764653,0.6469881139470912,0.012793308659413492,0.06198060769688368
2038,Road transport,True,0.6450230831445227,0.0757684640018817,0.4109955248525556,7.0015333713072465,0.5385803402473702,0.008275973886270995,0.04009517040591223
2038,Buildings,True,0.9598008311026123,0.2557649272508736,0.5577948618927316,5.221388243733104,0.6487917209537729,0.013352222637382907,0.06468841604631619
2038,Aviation and shipping,True,1.4541491005144915,0.46486864043642373,0.5138159616334416,3.5574722788294384,0.7897482640913556,0.02238156828406768,0.07228899838120063
2038,Other energy,True,0.9437488796147141,0.1587532352823309,0.498612994831566,5.928650856368288,0.6866743503872782,0.011477038070454951,0.059310488056313164
2038,Land-use CO2,False,1.113144086001903,0.26387509205531595,0.5780839421250569,5.447982209376846,0.8379955971409676,0.010924138010065886,0.05292491023659475
2039,Power,True,1.666811273854311,0.09055643939039325,1.0258308535480536,13.876148986168477,0.5603032963574657,0.004540422614195809,0.041115816421285215
2039,Industry,True,2.300496375138592,0.17977817278105207,1.0166201148973355,10.489275022661989,0.6370397821867898,0.009802352005161606,0.055478275342826455
2039,Road transport,True,0.4076529462742603,0.042128830978897205,0.3345018558407841,7.336035227148031,0.532719135545626,0.00505123093345878,0.028588402089525705
2039,Buildings,True,0.7385548305094642,0.18763232031834265,0.5683078681425142,5.789696111875618,0.6365466091105478,0.010230597090034942,0.057902009842495994
2039,Aviation and shipping,True,1.2617889785401624,0.3761135620912104,0.5722861805556166,4.129758459385055,0.7757033077612475,0.01859474561745695,0.07016033272775637
2039,Other energy,True,0.7044070094099809,0.10289588679312367,0.457743014878201,6.386393871246488,0.6789552519796686,0.007937661764116545,0.0479196867250907
2039,Land-use CO2,False,0.8993360457560486,0.20529754678247908,0.6113767788041619,6.059358988181008,0.8314259508846171,0.008795836401843865,0.04978170887099304
2040,Power,True,1.0911695153957357,0.05626760477997727,0.9514118249749366,14.827560811143414,0.5534923334536568,0.003018547979679775,0.0312702866307362
2040,Industry,True,1.7634738922440218,0.12602728410142244,1.0347365095186631,11.524011532180651,0.6279947016738576,0.007191126911242083,0.04655976176838756
2040,Road transport,True,0.25669408238846647,0.021135717918879294,0.2587272675858638,7.594762494733895,0.5284074610507306,0.0028085887319264802,0.018184524328091433
2040,Buildings,True,0.5531663099097485,0.13153316319533281,0.5783369735755418,6.36803308545116,0.6254669084694168,0.007505292812733706,0.04859386431027611
2040,Aviation and shipping,True,1.0826789381108668,0.29613062885659436,0.6475239862496203,4.777282445634675,0.7622304236027032,0.015044542483648416,0.06493839075096762
2040,Other energy,True,0.5276774486139699,0.06221983819032669,0.41082863376156914,6.797222505008057,0.6725515047329091,0.005144794339656184,0.03553125426314079
2040,Land-use CO2,False,0.7126361544585276,0.1541468916324733,0.651768137667138,6.7111271258481455,0.8251639765443177,0.006843251559415969,0.04430740359058978
2041,Power,True,0.6831571118924512,0.03251656786101267,0.8589199743479174,15.686480785491332,0.5477739282931108,0.0018755868259992424,0.021875450092965362
2041,Industry,True,1.338940661225187,0.08423897947194048,1.0481269640710082,12.57213849625166,0.6197398617129435,0.005041091364056898,0.036747213265425065
2041,Road transport,True,0.17116501411438861,0.009455365984847048,0.18805552658515814,7.782818021319053,0.5253857534134889,0.0014090478612586196,0.010271304072773626
2041,Buildings,True,0.4066451461400781,0.08791921140960285,0.585722936688772,6.953756022139933,0.6153988940839269,0.005261326527813312,0.03835262525791666
2041,Aviation and shipping,True,0.9224734844975756,0.2267212793906444,0.7425173533526952,5.51979979898737,0.7490981582888862,0.011845225154263775,0.057564124311686185
2041,Other energy,True,0.4074851596138207,0.03491931536960277,0.35826752875336415,7.155490033761422,0.6673208275885102,0.0031109919095163347,0.024189530911207586
2041,Land-use CO2,False,0.5571697463594694,0.11155335516697792,0.6983897162010845,7.40951684204923,0.81914096936387,0.005138229721082443,0.037455306744412935
2042,Power,True,0.4172971121650956,0.017377794144251137,0.7493684029030038,16.435849188394336,0.5430798558780636,0.0010838855953670889,0.014054888121394441
2042,Industry,True,1.0222794737396483,0.05356097009778231,1.0518850501270856,13.624023546378744,0.6122165929759528,0.003369559178877619,0.027308450195280557
2042,Road transport,True,0.1,0.0,0.12664981473250933,7.9094678360515625,0.5234010620919132,0.0006303577323231365,0.005108707645280261
2042,Buildings,True,0.29737837508486925,0.05590094137950582,0.5877257211301955,7.541481743270128,0.6062588613615225,0.003516768456384114,0.028501501573712916
2042,Aviation and shipping,True,0.7845800778983434,0.1686536804044359,0.8602650326582768,6.380064831645647,0.7361596503436622,0.009068851175625775,0.04899874781058273
2042,Other energy,True,0.3324004690892834,0.01807990330343051,0.30130737829950766,7.456797412060929,0.6631501220962168,0.0017459657684801386,0.015093446297692124
2042,Land-use CO2,False,0.4336010871513516,0.07769892798667168,0.749465266816088,8.158982108865318,0.8133210499801797,0.0037184451722325975,0.030135982008073648
2043,Power,True,0.2586016522537577,0.00853191270517402,0.6377745353872833,17.07362372378162,0.5392802303806199,0.0005792598048083713,0.008266621634268745
2043,Industry,True,0.7995301912466293,0.032309304721986586,1.0592366127526032,14.683260159131347,0.6052884615046901,0.0021424388039112926,0.01910922657188443
2043,Road transport,True,0.1,0.0,0.0,7.9094678360515625,0.5234010620919132,0.0,0.0
2043,Buildings,True,0.22053275539659828,0.03372083339751057,0.5917365406879841,8.133218283958112,0.5978715863223362,0.0022360376551802327,0.019944070326815014
2043,Aviation and shipping,True,0.6702482135359366,0.12179323123608636,1.0214506716717788,7.401515503317427,0.7231253150678162,0.006746147216177436,0.040114301952172096
2043,Other energy,True,0.2894947823930317,0.008575292976577525,0.24659788290005352,7.703395294960983,0.6598786459484267,0.0009039951651715255,0.008600615161681459
2043,Land-use CO2,False,0.33982951876630424,0.05200808733323404,0.8165370899336302,8.975519198798949,0.8076006172473164,0.0025899642662223893,0.023100876387215245
2044,Power,True,0.1,0.0,0.5017934921983092,17.57541721597993,0.5364070166021618,0.00028439709017246735,0.004429451869308623
2044,Industry,True,0.6519446511579755,0.018436590192923763,1.0183189862534392,15.701579145384786,0.5991505157866919,0.0012923721888794635,0.012580342340183358
2044,Road transport,True,0.1,0.0,0.0,7.9094678360515625,0.5234010620919132,0.0,0.0
2044,Buildings,True,0.16962779385829846,0.019242047814501326,0.5687863113058443,8.702004595263956,0.5904644893578866,0.001348833335900423,0.013129952247108818
2044,Aviation and shipping,True,0.5788827717687237,0.08530624322756862,1.1847602147171348,8.586275718034562,0.7103240036854679,0.004871729249443455,0.03161525875907428
2044,Other energy,True,0.25,0.0,0.18604325680327824,7.889438551764261,0.6574893576666244,0.00042876464882887625,0.004451973293390101
2044,Land-use CO2,False,0.2719066003352596,0.03339906858500263,0.8602977387219946,9.835816937520944,0.8021490170934339,0.0017336029111078013,0.01687541583712361
2045,Power,True,0.1,0.0,0.0,17.57541721597993,0.5364070166021618,0.0,0.0
2045,Industry,True,0.5600098738731221,0.009919456734071536,1.0838294402250737,16.785408585609858,0.5931022655889653,0.0007374636077169505,0.007779669851135276
2045,Road transport,True,0.1,0.0,0.0,7.9094678360515625,0.5234010620919132,0.0,0.0
2045,Buildings,True,0.13792387663915867,0.010352817889510861,0.605280965406351,9.307285560670307,0.5831870863029897,0.000769681912580053,0.00811954801241041
2045,Aviation and shipping,True,0.5085006988461278,0.05789626573331587,1.5597986935412818,10.146074411575844,0.6962031362467849,0.0034122497291027448,0.02399772776515001
2045,Other energy,True,0.25,0.0,0.0,7.889438551764261,0.6574893576666244,0.0,0.0
2045,Land-use CO2,False,0.22497570667463399,0.020541289499899723,1.01775756749396,10.853574505014905,0.7963254882708964,0.0011133022861667542,0.011744476798936152
2046,Power,True,0.1,0.0,0.0,17.57541721597993,0.5364070166021618,0.0,0.0
2046,Industry,True,0.5062970459491051,0.005013631495109828,0.9472507428429751,17.732659328452833,0.5881736066124404,0.00039677826936286147,0.004509046969598846
2046,Road transport,True,0.1,0.0,0.0,7.9094678360515625,0.5234010620919132,0.0,0.0
2046,Buildings,True,0.11940431516155806,0.005232666992306455,0.5289232793453238,9.836208840015631,0.577272463647457,0.00041411271558043443,0.004706038181623971
2046,Aviation and shipping,True,0.4562419199247949,0.03803530226467393,1.7329020142218134,11.878976425797658,0.6831217430023313,0.0023158506293326346,0.0175451128393093
2046,Other energy,True,0.25,0.0,0.0,7.889438551764261,0.6574893576666244,0.0,0.0
2046,Land-use CO2,False,0.19407534892536818,0.012075438061744707,1.0042572969232204,11.857831801938126,0.7911276978150544,0.0006847096499966574,0.007781141788158361
2047,Power,True,0.1,0.0,0.0,17.57541721597993,0.5364070166021618,0.0,0.0
2047,Industry,True,0.45,0.0,0.8042909482128691,18.536950276665703,0.584221158707123,0.00020054525980439314,0.002442454863061537
2047,Road transport,True,0.1,0.0,0.0,7.9094678360515625,0.5234010620919132,0.0,0.0
2047,Buildings,True,0.1,0.0,0.4490280042470724,10.285236844262704,0.5725395397389524,0.0002093066796922582,0.002549160813794616
2047,Aviation and shipping,True,0.4188544899477237,0.02416096673925001,1.9271526088351782,13.806129034632836,0.6708783058905669,0.0015214120905869572,0.012352923434836963
2047,Other energy,True,0.25,0.0,0.0,7.889438551764261,0.6574893576666244,0.0,0.0
2047,Land-use CO2,False,0.17471294452536235,0.0067706697329759855,0.9795284387048805,12.837360240643006,0.7864946212248742,0.00040251460205815694,0.0049022537267105655
2048,Power,True,0.1,0.0,0.0,17.57541721597993,0.5364070166021618,0.0,0.0
2048,Industry,True,0.45,0.0,0.0,18.536950276665703,0.584221158707123,0.0,0.0
2048,Road transport,True,0.1,0.0,0.0,7.9094678360515625,0.5234010620919132,0.0,0.0
2048,Buildings,True,0.1,0.0,0.0,10.285236844262704,0.5725395397389524,0.0,0.0
2048,Aviation and shipping,True,0.393095517731955,0.014822596485606254,2.8523339412147313,16.658462975847566,0.6558917825538467,0.0009664386695700005,0.008371931584073757
2048,Other energy,True,0.25,0.0,0.0,7.889438551764261,0.6574893576666244,0.0,0.0
2048,Land-use CO2,False,0.15,0.0,1.254332725451935,14.091692966094941,0.7810874546659012,0.00022568899109919952,0.002932601186584051
2049,Power,True,0.1,0.0,0.0,17.57541721597993,0.5364070166021618,0.0,0.0
2049,Industry,True,0.45,0.0,0.0,18.536950276665703,0.584221158707123,0.0,0.0
2049,Road transport,True,0.1,0.0,0.0,7.9094678360515625,0.5234010620919132,0.0,0.0
2049,Buildings,True,0.1,0.0,0.0,10.285236844262704,0.5725395397389524,0.0,0.0
2049,Aviation and shipping,True,0.37601660211344723,0.008771453051071968,4.053333333333334,20.7117963091809,0.6389316763916879,0.0005929038594242502,0.005458239575110035
2049,Other energy,True,0.25,0.0,0.0,7.889438551764261,0.6574893576666244,0.0,0.0
2049,Land-use CO2,False,0.15,0.0,0.0,14.091692966094941,0.7810874546659012,0.0,0.0
2050,Power,True,0.1,0.0,0.0,17.57541721597993,0.5364070166021618,0.0,0.0
2050,Industry,True,0.45,0.0,0.0,18.536950276665703,0.584221158707123,0.0,0.0
2050,Road transport,True,0.1,0.0,0.0,7.9094678360515625,0.5234010620919132,0.0,0.0
2050,Buildings,True,0.1,0.0,0.0,10.285236844262704,0.5725395397389524,0.0,0.0
2050,Aviation and shipping,True,0.3651287141088143,0.005000000000000003,4.0,24.7117963091809,0.625503105270431,0.00035085812204287874,0.003420594929029087
2050,Other energy,True,0.25,0.0,0.0,7.889438551764261,0.6574893576666244,0.0,0.0
2050,Land-use CO2,False,0.15,0.0,0.0,14.091692966094941,0.7810874546659012,0.0,0.0
2051,Power,True,0.1,0.0,0.0,17.57541721597993,0.5364070166021618,0.0,0.0
2051,Industry,True,0.45,0.0,0.0,18.536950276665703,0.584221158707123,0.0,0.0
2051,Road transport,True,0.1,0.0,0.0,7.9094678360515625,0.5234010620919132,0.0,0.0
2051,Buildings,True,0.1,0.0,0.0,10.285236844262704,0.5725395397389524,0.0,0.0
2051,Aviation and shipping,True,0.35,0.0,3.98,28.6917963091809,0.6143671374360972,0.00020000000000000012,0.0019498450878734706
2051,Other energy,True,0.25,0.0,0.0,7.889438551764261,0.6574893576666244,0.0,0.0
2051,Land-use CO2,False,0.15,0.0,0.0,14.091692966094941,0.7810874546659012,0.0,0.0
2052,Power,True,0.1,0.0,0.0,17.57541721597993,0.5364070166021618,0.0,0.0
2052,Industry,True,0.45,0.0,0.0,18.536950276665703,0.584221158707123,0.0,0.0
2052,Road transport,True,0.1,0.0,0.0,7.9094678360515625,0.5234010620919132,0.0,0.0
2052,Buildings,True,0.1,0.0,0.0,10.285236844262704,0.5725395397389524,0.0,0.0
2052,Aviation and shipping,True,0.35,0.0,0.0,28.6917963091809,0.6143671374360972,0.0,0.0
2052,Other energy,True,0.25,0.0,0.0,7.889438551764261,0.6574893576666244,0.0,0.0
2052,Land-use CO2,False,0.15,0.0,0.0,14.091692966094941,0.7810874546659012,0.0,0.0
2053,Power,True,0.1,0.0,0.0,17.57541721597993,0.5364070166021618,0.0,0.0
2053,Industry,True,0.45,0.0,0.0,18.536950276665703,0.584221158707123,0.0,0.0
2053,Road transport,True,0.1,0.0,0.0,7.9094678360515625,0.5234010620919132,0.0,0.0
2053,Buildings,True,0.1,0.0,0.0,10.285236844262704,0.5725395397389524,0.0,0.0
2053,Aviation and shipping,True,0.35,0.0,0.0,28.6917963091809,0.6143671374360972,0.0,0.0
2053,Other energy,True,0.25,0.0,0.0,7.889438551764261,0.6574893576666244,0.0,0.0
2053,Land-use CO2,False,0.15,0.0,0.0,14.091692966094941,0.7810874546659012,0.0,0.0
2054,Power,True,0.1,0.0,0.0,17.57541721597993,0.5364070166021618,0.0,0.0
2054,Industry,True,0.45,0.0,0.0,18.536950276665703,0.584221158707123,0.0,0.0
2054,Road transport,True,0.1,0.0,0.0,7.9094678360515625,0.5234010620919132,0.0,0.0
2054,Buildings,True,0.1,0.0,0.0,10.285236844262704,0.5725395397389524,0.0,0.0
2054,Aviation and shipping,True,0.35,0.0,0.0,28.6917963091809,0.6143671374360972,0.0,0.0
2054,Other energy,True,0.25,0.0,0.0,7.889438551764261,0.6574893576666244,0.0,0.0
2054,Land-use CO2,False,0.15,0.0,0.0,14.091692966094941,0.7810874546659012,0.0,0.0
2055,Power,True,0.1,0.0,0.0,17.57541721597993,0.5364070166021618,0.0,0.0
2055,Industry,True,0.45,0.0,0.0,18.536950276665703,0.584221158707123,0.0,0.0
2055,Road transport,True,0.1,0.0,0.0,7.9094678360515625,0.5234010620919132,0.0,0.0
2055,Buildings,True,0.1,0.0,0.0,10.285236844262704,0.5725395397389524,0.0,0.0
2055,Aviation and shipping,True,0.35,0.0,0.0,28.6917963091809,0.6143671374360972,0.0,0.0
2055,Other energy,True,0.25,0.0,0.0,7.889438551764261,0.6574893576666244,0.0,0.0
2055,Land-use CO2,False,0.15,0.0,0.0,14.091692966094941,0.7810874546659012,0.0,0.0
2056,Power,True,0.1,0.0,0.0,17.57541721597993,0.5364070166021618,0.0,0.0
2056,Industry,True,0.45,0.0,0.0,18.536950276665703,0.584221158707123,0.0,0.0
2056,Road transport,True,0.1,0.0,0.0,7.9094678360515625,0.5234010620919132,0.0,0.0
2056,Buildings,True,0.1,0.0,0.0,10.285236844262704,0.5725395397389524,0.0,0.0
2056,Aviation and shipping,True,0.35,0.0,0.0,28.6917963091809,0.6143671374360972,0.0,0.0
2056,Other energy,True,0.25,0.0,0.0,7.889438551764261,0.6574893576666244,0.0,0.0
2056,Land-use CO2,False,0.15,0.0,0.0,14.091692966094941,0.7810874546659012,0.0,0.0
2057,Power,True,0.1,0.0,0.0,17.57541721597993,0.5364070166021618,0.0,0.0
2057,Industry,True,0.45,0.0,0.0,18.536950276665703,0.584221158707123,0.0,0.0
2057,Road transport,True,0.1,0.0,0.0,7.9094678360515625,0.5234010620919132,0.0,0.0
2057,Buildings,True,0.1,0.0,0.0,10.285236844262704,0.5725395397389524,0.0,0.0
2057,Aviation and shipping,True,0.35,0.0,0.0,28.6917963091809,0.6143671374360972,0.0,0.0
2057,Other energy,True,0.25,0.0,0.0,7.889438551764261,0.6574893576666244,0.0,0.0
2057,Land-use CO2,False,0.15,0.0,0.0,14.091692966094941,0.7810874546659012,0.0,0.0
2058,Power,True,0.1,0.0,0.0,17.57541721597993,0.5364070166021618,0.0,0.0
2058,Industry,True,0.45,0.0,0.0,18.536950276665703,0.584221158707123,0.0,0.0
2058,Road transport,True,0.1,0.0,0.0,7.9094678360515625,0.5234010620919132,0.0,0.0
2058,Buildings,True,0.1,0.0,0.0,10.285236844262704,0.5725395397389524,0.0,0.0
2058,Aviation and shipping,True,0.35,0.0,0.0,28.6917963091809,0.6143671374360972,0.0,0.0
2058,Other energy,True,0.25,0.0,0.0,7.889438551764261,0.6574893576666244,0.0,0.0
2058,Land-use CO2,False,0.15,0.0,0.0,14.091692966094941,0.7810874546659012,0.0,0.0
2059,Power,True,0.1,0.0,0.0,17.57541721597993,0.5364070166021618,0.0,0.0
2059,Industry,True,0.45,0.0,0.0,18.536950276665703,0.584221158707123,0.0,0.0
2059,Road transport,True,0.1,0.0,0.0,7.9094678360515625,0.5234010620919132,0.0,0.0
2059,Buildings,True,0.1,0.0,0.0,10.285236844262704,0.5725395397389524,0.0,0.0
2059,Aviation and shipping,True,0.35,0.0,0.0,28.6917963091809,0.6143671374360972,0.0,0.0
2059,Other energy,True,0.25,0.0,0.0,7.889438551764261,0.6574893576666244,0.0,0.0
2059,Land-use CO2,False,0.15,0.0,0.0,14.091692966094941,0.7810874546659012,0.0,0.0
2060,Power,True,0.1,0.0,0.0,17.57541721597993,0.5364070166021618,0.0,0.0
2060,Industry,True,0.45,0.0,0.0,18.536950276665703,0.584221158707123,0.0,0.0
2060,Road transport,True,0.1,0.0,0.0,7.9094678360515625,0.5234010620919132,0.0,0.0
2060,Buildings,True,0.1,0.0,0.0,10.285236844262704,0.5725395397389524,0.0,0.0
2060,Aviation and shipping,True,0.35,0.0,0.0,28.6917963091809,0.6143671374360972,0.0,0.0
2060,Other energy,True,0.25,0.0,0.0,7.889438551764261,0.6574893576666244,0.0,0.0
2060,Land-use CO2,False,0.15,0.0,0.0,14.091692966094941,0.7810874546659012,0.0,0.0
2061,Power,True,0.1,0.0,0.0,17.57541721597993,0.5364070166021618,0.0,0.0
2061,Industry,True,0.45,0.0,0.0,18.536950276665703,0.584221158707123,0.0,0.0
2061,Road transport,True,0.1,0.0,0.0,7.9094678360515625,0.5234010620919132,0.0,0.0
2061,Buildings,True,0.1,0.0,0.0,10.285236844262704,0.5725395397389524,0.0,0.0
2061,Aviation and shipping,True,0.35,0.0,0.0,28.6917963091809,0.6143671374360972,0.0,0.0
2061,Other energy,True,0.25,0.0,0.0,7.889438551764261,0.6574893576666244,0.0,0.0
2061,Land-use CO2,False,0.15,0.0,0.0,14.091692966094941,0.7810874546659012,0.0,0.0
2062,Power,True,0.1,0.0,0.0,17.57541721597993,0.5364070166021618,0.0,0.0
2062,Industry,True,0.45,0.0,0.0,18.536950276665703,0.584221158707123,0.0,0.0
2062,Road transport,True,0.1,0.0,0.0,7.9094678360515625,0.5234010620919132,0.0,0.0
2062,Buildings,True,0.1,0.0,0.0,10.285236844262704,0.5725395397389524,0.0,0.0
2062,Aviation and shipping,True,0.35,0.0,0.0,28.6917963091809,0.6143671374360972,0.0,0.0
2062,Other energy,True,0.25,0.0,0.0,7.889438551764261,0.6574893576666244,0.0,0.0
2062,Land-use CO2,False,0.15,0.0,0.0,14.091692966094941,0.7810874546659012,0.0,0.0
2063,Power,True,0.1,0.0,0.0,17.57541721597993,0.5364070166021618,0.0,0.0
2063,Industry,True,0.45,0.0,0.0,18.536950276665703,0.584221158707123,0.0,0.0
2063,Road transport,True,0.1,0.0,0.0,7.9094678360515625,0.5234010620919132,0.0,0.0
2063,Buildings,True,0.1,0.0,0.0,10.285236844262704,0.5725395397389524,0.0,0.0
2063,Aviation and shipping,True,0.35,0.0,0.0,28.6917963091809,0.6143671374360972,0.0,0.0
2063,Other energy,True,0.25,0.0,0.0,7.889438551764261,0.6574893576666244,0.0,0.0
2063,Land-use CO2,False,0.15,0.0,0.0,14.091692966094941,0.7810874546659012,0.0,0.0
2064,Power,True,0.1,0.0,0.0,17.57541721597993,0.5364070166021618,0.0,0.0
2064,Industry,True,0.45,0.0,0.0,18.536950276665703,0.584221158707123,0.0,0.0
2064,Road transport,True,0.1,0.0,0.0,7.9094678360515625,0.5234010620919132,0.0,0.0
2064,Buildings,True,0.1,0.0,0.0,10.285236844262704,0.5725395397389524,0.0,0.0
2064,Aviation and shipping,True,0.35,0.0,0.0,28.6917963091809,0.6143671374360972,0.0,0.0
2064,Other energy,True,0.25,0.0,0.0,7.889438551764261,0.6574893576666244,0.0,0.0
2064,Land-use CO2,False,0.15,0.0,0.0,14.091692966094941,0.7810874546659012,0.0,0.0
2065,Power,True,0.1,0.0,0.0,17.57541721597993,0.5364070166021618,0.0,0.0
2065,Industry,True,0.45,0.0,0.0,18.536950276665703,0.584221158707123,0.0,0.0
2065,Road transport,True,0.1,0.0,0.0,7.9094678360515625,0.5234010620919132,0.0,0.0
2065,Buildings,True,0.1,0.0,0.0,10.285236844262704,0.5725395397389524,0.0,0.0
2065,Aviation and shipping,True,0.35,0.0,0.0,28.6917963091809,0.6143671374360972,0.0,0.0
2065,Other energy,True,0.25,0.0,0.0,7.889438551764261,0.6574893576666244,0.0,0.0
2065,Land-use CO2,False,0.15,0.0,0.0,14.091692966094941,0.7810874546659012,0.0,0.0
2066,Power,True,0.1,0.0,0.0,17.57541721597993,0.5364070166021618,0.0,0.0
2066,Industry,True,0.45,0.0,0.0,18.536950276665703,0.584221158707123,0.0,0.0
2066,Road transport,True,0.1,0.0,0.0,7.9094678360515625,0.5234010620919132,0.0,0.0
2066,Buildings,True,0.1,0.0,0.0,10.285236844262704,0.5725395397389524,0.0,0.0
2066,Aviation and shipping,True,0.35,0.0,0.0,28.6917963091809,0.6143671374360972,0.0,0.0
2066,Other energy,True,0.25,0.0,0.0,7.889438551764261,0.6574893576666244,0.0,0.0
2066,Land-use CO2,False,0.15,0.0,0.0,14.091692966094941,0.7810874546659012,0.0,0.0
2067,Power,True,0.1,0.0,0.0,17.57541721597993,0.5364070166021618,0.0,0.0
2067,Industry,True,0.45,0.0,0.0,18.536950276665703,0.584221158707123,0.0,0.0
2067,Road transport,True,0.1,0.0,0.0,7.9094678360515625,0.5234010620919132,0.0,0.0
2067,Buildings,True,0.1,0.0,0.0,10.285236844262704,0.5725395397389524,0.0,0.0
2067,Aviation and shipping,True,0.35,0.0,0.0,28.6917963091809,0.6143671374360972,0.0,0.0
2067,Other energy,True,0.25,0.0,0.0,7.889438551764261,0.6574893576666244,0.0,0.0
2067,Land-use CO2,False,0.15,0.0,0.0,14.091692966094941,0.7810874546659012,0.0,0.0
2068,Power,True,0.1,0.0,0.0,17.57541721597993,0.5364070166021618,0.0,0.0
2068,Industry,True,0.45,0.0,0.0,18.536950276665703,0.584221158707123,0.0,0.0
2068,Road transport,True,0.1,0.0,0.0,7.9094678360515625,0.5234010620919132,0.0,0.0
2068,Buildings,True,0.1,0.0,0.0,10.285236844262704,0.5725395397389524,0.0,0.0
2068,Aviation and shipping,True,0.35,0.0,0.0,28.6917963091809,0.6143671374360972,0.0,0.0
2068,Other energy,True,0.25,0.0,0.0,7.889438551764261,0.6574893576666244,0.0,0.0
2068,Land-use CO2,False,0.15,0.0,0.0,14.091692966094941,0.7810874546659012,0.0,0.0
2069,Power,True,0.1,0.0,0.0,17.57541721597993,0.5364070166021618,0.0,0.0
2069,Industry,True,0.45,0.0,0.0,18.536950276665703,0.584221158707123,0.0,0.0
2069,Road transport,True,0.1,0.0,0.0,7.9094678360515625,0.5234010620919132,0.0,0.0
2069,Buildings,True,0.1,0.0,0.0,10.285236844262704,0.5725395397389524,0.0,0.0
2069,Aviation and shipping,True,0.35,0.0,0.0,28.6917963091809,0.6143671374360972,0.0,0.0
2069,Other energy,True,0.25,0.0,0.0,7.889438551764261,0.6574893576666244,0.0,0.0
2069,Land-use CO2,False,0.15,0.0,0.0,14.091692966094941,0.7810874546659012,0.0,0.0
2070,Power,True,0.1,0.0,0.0,17.57541721597993,0.5364070166021618,0.0,0.0
2070,Industry,True,0.45,0.0,0.0,18.536950276665703,0.584221158707123,0.0,0.0
2070,Road transport,True,0.1,0.0,0.0,7.9094678360515625,0.5234010620919132,0.0,0.0
2070,Buildings,True,0.1,0.0,0.0,10.285236844262704,0.5725395397389524,0.0,0.0
2070,Aviation and shipping,True,0.35,0.0,0.0,28.6917963091809,0.6143671374360972,0.0,0.0
2070,Other energy,True,0.25,0.0,0.0,7.889438551764261,0.6574893576666244,0.0,0.0
2070,Land-use CO2,False,0.15,0.0,0.0,14.091692966094941,0.7810874546659012,0.0,0.0
2071,Power,True,0.1,0.0,0.0,17.57541721597993,0.5364070166021618,0.0,0.0
2071,Industry,True,0.45,0.0,0.0,18.536950276665703,0.584221158707123,0.0,0.0
2071,Road transport,True,0.1,0.0,0.0,7.9094678360515625,0.5234010620919132,0.0,0.0
2071,Buildings,True,0.1,0.0,0.0,10.285236844262704,0.5725395397389524,0.0,0.0
2071,Aviation and shipping,True,0.35,0.0,0.0,28.6917963091809,0.6143671374360972,0.0,0.0
2071,Other energy,True,0.25,0.0,0.0,7.889438551764261,0.6574893576666244,0.0,0.0
2071,Land-use CO2,False,0.15,0.0,0.0,14.091692966094941,0.7810874546659012,0.0,0.0
2072,Power,True,0.1,0.0,0.0,17.57541721597993,0.5364070166021618,0.0,0.0
2072,Industry,True,0.45,0.0,0.0,18.536950276665703,0.584221158707123,0.0,0.0
2072,Road transport,True,0.1,0.0,0.0,7.9094678360515625,0.5234010620919132,0.0,0.0
2072,Buildings,True,0.1,0.0,0.0,10.285236844262704,0.5725395397389524,0.0,0.0
2072,Aviation and shipping,True,0.35,0.0,0.0,28.6917963091809,0.6143671374360972,0.0,0.0
2072,Other energy,True,0.25,0.0,0.0,7.889438551764261,0.6574893576666244,0.0,0.0
2072,Land-use CO2,False,0.15,0.0,0.0,14.091692966094941,0.7810874546659012,0.0,0.0
2073,Power,True,0.1,0.0,0.0,17.57541721597993,0.5364070166021618,0.0,0.0
2073,Industry,True,0.45,0.0,0.0,18.536950276665703,0.584221158707123,0.0,0.0
2073,Road transport,True,0.1,0.0,0.0,7.9094678360515625,0.5234010620919132,0.0,0.0
2073,Buildings,True,0.1,0.0,0.0,10.285236844262704,0.5725395397389524,0.0,0.0
2073,Aviation and shipping,True,0.35,0.0,0.0,28.6917963091809,0.6143671374360972,0.0,0.0
2073,Other energy,True,0.25,0.0,0.0,7.889438551764261,0.6574893576666244,0.0,0.0
2073,Land-use CO2,False,0.15,0.0,0.0,14.091692966094941,0.7810874546659012,0.0,0.0
2074,Power,True,0.1,0.0,0.0,17.57541721597993,0.5364070166021618,0.0,0.0
2074,Industry,True,0.45,0.0,0.0,18.536950276665703,0.584221158707123,0.0,0.0
2074,Road transport,True,0.1,0.0,0.0,7.9094678360515625,0.5234010620919132,0.0,0.0
2074,Buildings,True,0.1,0.0,0.0,10.285236844262704,0.5725395397389524,0.0,0.0
2074,Aviation and shipping,True,0.35,0.0,0.0,28.6917963091809,0.6143671374360972,0.0,0.0
2074,Other energy,True,0.25,0.0,0.0,7.889438551764261,0.6574893576666244,0.0,0.0
2074,Land-use CO2,False,0.15,0.0,0.0,14.091692966094941,0.7810874546659012,0.0,0.0
2075,Power,True,0.1,0.0,0.0,17.57541721597993,0.5364070166021618,0.0,0.0
2075,Industry,True,0.45,0.0,0.0,18.536950276665703,0.584221158707123,0.0,0.0
2075,Road transport,True,0.1,0.0,0.0,7.9094678360515625,0.5234010620919132,0.0,0.0
2075,Buildings,True,0.1,0.0,0.0,10.285236844262704,0.5725395397389524,0.0,0.0
2075,Aviation and shipping,True,0.35,0.0,0.0,28.6917963091809,0.6143671374360972,0.0,0.0
2075,Other energy,True,0.25,0.0,0.0,7.889438551764261,0.6574893576666244,0.0,0.0
2075,Land-use CO2,False,0.15,0.0,0.0,14.091692966094941,0.7810874546659012,0.0,0.0
2076,Power,True,0.1,0.0,0.0,17.57541721597993,0.5364070166021618,0.0,0.0
2076,Industry,True,0.45,0.0,0.0,18.536950276665703,0.584221158707123,0.0,0.0
2076,Road transport,True,0.1,0.0,0.0,7.9094678360515625,0.5234010620919132,0.0,0.0
2076,Buildings,True,0.1,0.0,0.0,10.285236844262704,0.5725395397389524,0.0,0.0
2076,Aviation and shipping,True,0.35,0.0,0.0,28.6917963091809,0.6143671374360972,0.0,0.0
2076,Other energy,True,0.25,0.0,0.0,7.889438551764261,0.6574893576666244,0.0,0.0
2076,Land-use CO2,False,0.15,0.0,0.0,14.091692966094941,0.7810874546659012,0.0,0.0
2077,Power,True,0.1,0.0,0.0,17.57541721597993,0.5364070166021618,0.0,0.0
2077,Industry,True,0.45,0.0,0.0,18.536950276665703,0.584221158707123,0.0,0.0
2077,Road transport,True,0.1,0.0,0.0,7.9094678360515625,0.5234010620919132,0.0,0.0
2077,Buildings,True,0.1,0.0,0.0,10.285236844262704,0.5725395397389524,0.0,0.0
2077,Aviation and shipping,True,0.35,0.0,0.0,28.6917963091809,0.6143671374360972,0.0,0.0
2077,Other energy,True,0.25,0.0,0.0,7.889438551764261,0.6574893576666244,0.0,0.0
2077,Land-use CO2,False,0.15,0.0,0.0,14.091692966094941,0.7810874546659012,0.0,0.0
2078,Power,True,0.1,0.0,0.0,17.57541721597993,0.5364070166021618,0.0,0.0
2078,Industry,True,0.45,0.0,0.0,18.536950276665703,0.584221158707123,0.0,0.0
2078,Road transport,True,0.1,0.0,0.0,7.9094678360515625,0.5234010620919132,0.0,0.0
2078,Buildings,True,0.1,0.0,0.0,10.285236844262704,0.5725395397389524,0.0,0.0
2078,Aviation and shipping,True,0.35,0.0,0.0,28.6917963091809,0.6143671374360972,0.0,0.0
2078,Other energy,True,0.25,0.0,0.0,7.889438551764261,0.6574893576666244,0.0,0.0
2078,Land-use CO2,False,0.15,0.0,0.0,14.091692966094941,0.7810874546659012,0.0,0.0
2079,Power,True,0.1,0.0,0.0,17.57541721597993,0.5364070166021618,0.0,0.0
2079,Industry,True,0.45,0.0,0.0,18.536950276665703,0.584221158707123,0.0,0.0
2079,Road transport,True,0.1,0.0,0.0,7.9094678360515625,0.5234010620919132,0.0,0.0
2079,Buildings,True,0.1,0.0,0.0,10.285236844262704,0.5725395397389524,0.0,0.0
2079,Aviation and shipping,True,0.35,0.0,0.0,28.6917963091809,0.6143671374360972,0.0,0.0
2079,Other energy,True,0.25,0.0,0.0,7.889438551764261,0.6574893576666244,0.0,0.0
2079,Land-use CO2,False,0.15,0.0,0.0,14.091692966094941,0.7810874546659012,0.0,0.0
2080,Power,True,0.1,0.0,0.0,17.57541721597993,0.5364070166021618,0.0,0.0
2080,Industry,True,0.45,0.0,0.0,18.536950276665703,0.584221158707123,0.0,0.0
2080,Road transport,True,0.1,0.0,0.0,7.9094678360515625,0.5234010620919132,0.0,0.0
2080,Buildings,True,0.1,0.0,0.0,10.285236844262704,0.5725395397389524,0.0,0.0
2080,Aviation and shipping,True,0.35,0.0,0.0,28.6917963091809,0.6143671374360972,0.0,0.0
2080,Other energy,True,0.25,0.0,0.0,7.889438551764261,0.6574893576666244,0.0,0.0
2080,Land-use CO2,False,0.15,0.0,0.0,14.091692966094941,0.7810874546659012,0.0,0.0
2081,Power,True,0.1,0.0,0.0,17.57541721597993,0.5364070166021618,0.0,0.0
2081,Industry,True,0.45,0.0,0.0,18.536950276665703,0.584221158707123,0.0,0.0
2081,Road transport,True,0.1,0.0,0.0,7.9094678360515625,0.5234010620919132,0.0,0.0
2081,Buildings,True,0.1,0.0,0.0,10.285236844262704,0.5725395397389524,0.0,0.0
2081,Aviation and shipping,True,0.35,0.0,0.0,28.6917963091809,0.6143671374360972,0.0,0.0
2081,Other energy,True,0.25,0.0,0.0,7.889438551764261,0.6574893576666244,0.0,0.0
2081,Land-use CO2,False,0.15,0.0,0.0,14.091692966094941,0.7810874546659012,0.0,0.0
2082,Power,True,0.1,0.0,0.0,17.57541721597993,0.5364070166021618,0.0,0.0
2082,Industry,True,0.45,0.0,0.0,18.536950276665703,0.584221158707123,0.0,0.0
2082,Road transport,True,0.1,0.0,0.0,7.9094678360515625,0.5234010620919132,0.0,0.0
2082,Buildings,True,0.1,0.0,0.0,10.285236844262704,0.5725395397389524,0.0,0.0
2082,Aviation and shipping,True,0.35,0.0,0.0,28.6917963091809,0.6143671374360972,0.0,0.0
2082,Other energy,True,0.25,0.0,0.0,7.889438551764261,0.6574893576666244,0.0,0.0
2082,Land-use CO2,False,0.15,0.0,0.0,14.091692966094941,0.7810874546659012,0.0,0.0
2083,Power,True,0.1,0.0,0.0,17.57541721597993,0.5364070166021618,0.0,0.0
2083,Industry,True,0.45,0.0,0.0,18.536950276665703,0.584221158707123,0.0,0.0
2083,Road transport,True,0.1,0.0,0.0,7.9094678360515625,0.5234010620919132,0.0,0.0
2083,Buildings,True,0.1,0.0,0.0,10.285236844262704,0.5725395397389524,0.0,0.0
2083,Aviation and shipping,True,0.35,0.0,0.0,28.6917963091809,0.6143671374360972,0.0,0.0
2083,Other energy,True,0.25,0.0,0.0,7.889438551764261,0.6574893576666244,0.0,0.0
2083,Land-use CO2,False,0.15,0.0,0.0,14.091692966094941,0.7810874546659012,0.0,0.0
2084,Power,True,0.1,0.0,0.0,17.57541721597993,0.5364070166021618,0.0,0.0
2084,Industry,True,0.45,0.0,0.0,18.536950276665703,0.584221158707123,0.0,0.0
2084,Road transport,True,0.1,0.0,0.0,7.9094678360515625,0.5234010620919132,0.0,0.0
2084,Buildings,True,0.1,0.0,0.0,10.285236844262704,0.5725395397389524,0.0,0.0
2084,Aviation and shipping,True,0.35,0.0,0.0,28.6917963091809,0.6143671374360972,0.0,0.0
2084,Other energy,True,0.25,0.0,0.0,7.889438551764261,0.6574893576666244,0.0,0.0
2084,Land-use CO2,False,0.15,0.0,0.0,14.091692966094941,0.7810874546659012,0.0,0.0
2085,Power,True,0.1,0.0,0.0,17.57541721597993,0.5364070166021618,0.0,0.0
2085,Industry,True,0.45,0.0,0.0,18.536950276665703,0.584221158707123,0.0,0.0
2085,Road transport,True,0.1,0.0,0.0,7.9094678360515625,0.5234010620919132,0.0,0.0
2085,Buildings,True,0.1,0.0,0.0,10.285236844262704,0.5725395397389524,0.0,0.0
2085,Aviation and shipping,True,0.35,0.0,0.0,28.6917963091809,0.6143671374360972,0.0,0.0
2085,Other energy,True,0.25,0.0,0.0,7.889438551764261,0.6574893576666244,0.0,0.0
2085,Land-use CO2,False,0.15,0.0,0.0,14.091692966094941,0.7810874546659012,0.0,0.0
2086,Power,True,0.1,0.0,0.0,17.57541721597993,0.5364070166021618,0.0,0.0
2086,Industry,True,0.45,0.0,0.0,18.536950276665703,0.584221158707123,0.0,0.0
2086,Road transport,True,0.1,0.0,0.0,7.9094678360515625,0.5234010620919132,0.0,0.0
2086,Buildings,True,0.1,0.0,0.0,10.285236844262704,0.5725395397389524,0.0,0.0
2086,Aviation and shipping,True,0.35,0.0,0.0,28.6917963091809,0.6143671374360972,0.0,0.0
2086,Other energy,True,0.25,0.0,0.0,7.889438551764261,0.6574893576666244,0.0,0.0
2086,Land-use CO2,False,0.15,0.0,0.0,14.091692966094941,0.7810874546659012,0.0,0.0
2087,Power,True,0.1,0.0,0.0,17.57541721597993,0.5364070166021618,0.0,0.0
2087,Industry,True,0.45,0.0,0.0,18.536950276665703,0.584221158707123,0.0,0.0
2087,Road transport,True,0.1,0.0,0.0,7.9094678360515625,0.5234010620919132,0.0,0.0
2087,Buildings,True,0.1,0.0,0.0,10.285236844262704,0.5725395397389524,0.0,0.0
2087,Aviation and shipping,True,0.35,0.0,0.0,28.6917963091809,0.6143671374360972,0.0,0.0
2087,Other energy,True,0.25,0.0,0.0,7.889438551764261,0.6574893576666244,0.0,0.0
2087,Land-use CO2,False,0.15,0.0,0.0,14.091692966094941,0.7810874546659012,0.0,0.0
2088,Power,True,0.1,0.0,0.0,17.57541721597993,0.5364070166021618,0.0,0.0
2088,Industry,True,0.45,0.0,0.0,18.536950276665703,0.584221158707123,0.0,0.0
2088,Road transport,True,0.1,0.0,0.0,7.9094678360515625,0.5234010620919132,0.0,0.0
2088,Buildings,True,0.1,0.0,0.0,10.285236844262704,0.5725395397389524,0.0,0.0
2088,Aviation and shipping,True,0.35,0.0,0.0,28.6917963091809,0.6143671374360972,0.0,0.0
2088,Other energy,True,0.25,0.0,0.0,7.889438551764261,0.6574893576666244,0.0,0.0
2088,Land-use CO2,False,0.15,0.0,0.0,14.091692966094941,0.7810874546659012,0.0,0.0
2089,Power,True,0.1,0.0,0.0,17.57541721597993,0.5364070166021618,0.0,0.0
2089,Industry,True,0.45,0.0,0.0,18.536950276665703,0.584221158707123,0.0,0.0
2089,Road transport,True,0.1,0.0,0.0,7.9094678360515625,0.5234010620919132,0.0,0.0
2089,Buildings,True,0.1,0.0,0.0,10.285236844262704,0.5725395397389524,0.0,0.0
2089,Aviation and shipping,True,0.35,0.0,0.0,28.6917963091809,0.6143671374360972,0.0,0.0
2089,Other energy,True,0.25,0.0,0.0,7.889438551764261,0.6574893576666244,0.0,0.0
2089,Land-use CO2,False,0.15,0.0,0.0,14.091692966094941,0.7810874546659012,0.0,0.0
2090,Power,True,0.1,0.0,0.0,17.57541721597993,0.5364070166021618,0.0,0.0
2090,Industry,True,0.45,0.0,0.0,18.536950276665703,0.584221158707123,0.0,0.0
2090,Road transport,True,0.1,0.0,0.0,7.9094678360515625,0.5234010620919132,0.0,0.0
2090,Buildings,True,0.1,0.0,0.0,10.285236844262704,0.5725395397389524,0.0,0.0
2090,Aviation and shipping,True,0.35,0.0,0.0,28.6917963091809,0.6143671374360972,0.0,0.0
2090,Other energy,True,0.25,0.0,0.0,7.889438551764261,0.6574893576666244,0.0,0.0
2090,Land-use CO2,False,0.15,0.0,0.0,14.091692966094941,0.7810874546659012,0.0,0.0
2091,Power,True,0.1,0.0,0.0,17.57541721597993,0.5364070166021618,0.0,0.0
2091,Industry,True,0.45,0.0,0.0,18.536950276665703,0.584221158707123,0.0,0.0
2091,Road transport,True,0.1,0.0,0.0,7.9094678360515625,0.5234010620919132,0.0,0.0
2091,Buildings,True,0.1,0.0,0.0,10.285236844262704,0.5725395397389524,0.0,0.0
2091,Aviation and shipping,True,0.35,0.0,0.0,28.6917963091809,0.6143671374360972,0.0,0.0
2091,Other energy,True,0.25,0.0,0.0,7.889438551764261,0.6574893576666244,0.0,0.0
2091,Land-use CO2,False,0.15,0.0,0.0,14.091692966094941,0.7810874546659012,0.0,0.0
2092,Power,True,0.1,0.0,0.0,17.57541721597993,0.5364070166021618,0.0,0.0
2092,Industry,True,0.45,0.0,0.0,18.536950276665703,0.584221158707123,0.0,0.0
2092,Road transport,True,0.1,0.0,0.0,7.9094678360515625,0.5234010620919132,0.0,0.0
2092,Buildings,True,0.1,0.0,0.0,10.285236844262704,0.5725395397389524,0.0,0.0
2092,Aviation and shipping,True,0.35,0.0,0.0,28.6917963091809,0.6143671374360972,0.0,0.0
2092,Other energy,True,0.25,0.0,0.0,7.889438551764261,0.6574893576666244,0.0,0.0
2092,Land-use CO2,False,0.15,0.0,0.0,14.091692966094941,0.7810874546659012,0.0,0.0
2093,Power,True,0.1,0.0,0.0,17.57541721597993,0.5364070166021618,0.0,0.0
2093,Industry,True,0.45,0.0,0.0,18.536950276665703,0.584221158707123,0.0,0.0
2093,Road transport,True,0.1,0.0,0.0,7.9094678360515625,0.5234010620919132,0.0,0.0
2093,Buildings,True,0.1,0.0,0.0,10.285236844262704,0.5725395397389524,0.0,0.0
2093,Aviation and shipping,True,0.35,0.0,0.0,28.6917963091809,0.6143671374360972,0.0,0.0
2093,Other energy,True,0.25,0.0,0.0,7.889438551764261,0.6574893576666244,0.0,0.0
2093,Land-use CO2,False,0.15,0.0,0.0,14.091692966094941,0.7810874546659012,0.0,0.0
2094,Power,True,0.1,0.0,0.0,17.57541721597993,0.5364070166021618,0.0,0.0
2094,Industry,True,0.45,0.0,0.0,18.536950276665703,0.584221158707123,0.0,0.0
2094,Road transport,True,0.1,0.0,0.0,7.9094678360515625,0.5234010620919132,0.0,0.0
2094,Buildings,True,0.1,0.0,0.0,10.285236844262704,0.5725395397389524,0.0,0.0
2094,Aviation and shipping,True,0.35,0.0,0.0,28.6917963091809,0.6143671374360972,0.0,0.0
2094,Other energy,True,0.25,0.0,0.0,7.889438551764261,0.6574893576666244,0.0,0.0
2094,Land-use CO2,False,0.15,0.0,0.0,14.091692966094941,0.7810874546659012,0.0,0.0
2095,Power,True,0.1,0.0,0.0,17.57541721597993,0.5364070166021618,0.0,0.0
2095,Industry,True,0.45,0.0,0.0,18.536950276665703,0.584221158707123,0.0,0.0
2095,Road transport,True,0.1,0.0,0.0,7.9094678360515625,0.5234010620919132,0.0,0.0
2095,Buildings,True,0.1,0.0,0.0,10.285236844262704,0.5725395397389524,0.0,0.0
2095,Aviation and shipping,True,0.35,0.0,0.0,28.6917963091809,0.6143671374360972,0.0,0.0
2095,Other energy,True,0.25,0.0,0.0,7.889438551764261,0.6574893576666244,0.0,0.0
2095,Land-use CO2,False,0.15,0.0,0.0,14.091692966094941,0.7810874546659012,0.0,0.0
2096,Power,True,0.1,0.0,0.0,17.57541721597993,0.5364070166021618,0.0,0.0
2096,Industry,True,0.45,0.0,0.0,18.536950276665703,0.584221158707123,0.0,0.0
2096,Road transport,True,0.1,0.0,0.0,7.9094678360515625,0.5234010620919132,0.0,0.0
2096,Buildings,True,0.1,0.0,0.0,10.285236844262704,0.5725395397389524,0.0,0.0
2096,Aviation and shipping,True,0.35,0.0,0.0,28.6917963091809,0.6143671374360972,0.0,0.0
2096,Other energy,True,0.25,0.0,0.0,7.889438551764261,0.6574893576666244,0.0,0.0
2096,Land-use CO2,False,0.15,0.0,0.0,14.091692966094941,0.7810874546659012,0.0,0.0
2097,Power,True,0.1,0.0,0.0,17.57541721597993,0.5364070166021618,0.0,0.0
2097,Industry,True,0.45,0.0,0.0,18.536950276665703,0.584221158707123,0.0,0.0
2097,Road transport,True,0.1,0.0,0.0,7.9094678360515625,0.5234010620919132,0.0,0.0
2097,Buildings,True,0.1,0.0,0.0,10.285236844262704,0.5725395397389524,0.0,0.0
2097,Aviation and shipping,True,0.35,0.0,0.0,28.6917963091809,0.6143671374360972,0.0,0.0
2097,Other energy,True,0.25,0.0,0.0,7.889438551764261,0.6574893576666244,0.0,0.0
2097,Land-use CO2,False,0.15,0.0,0.0,14.091692966094941,0.7810874546659012,0.0,0.0
2098,Power,True,0.1,0.0,0.0,17.57541721597993,0.5364070166021618,0.0,0.0
2098,Industry,True,0.45,0.0,0.0,18.536950276665703,0.584221158707123,0.0,0.0
2098,Road transport,True,0.1,0.0,0.0,7.9094678360515625,0.5234010620919132,0.0,0.0
2098,Buildings,True,0.1,0.0,0.0,10.285236844262704,0.5725395397389524,0.0,0.0
2098,Aviation and shipping,True,0.35,0.0,0.0,28.6917963091809,0.6143671374360972,0.0,0.0
2098,Other energy,True,0.25,0.0,0.0,7.889438551764261,0.6574893576666244,0.0,0.0
2098,Land-use CO2,False,0.15,0.0,0.0,14.091692966094941,0.7810874546659012,0.0,0.0
2099,Power,True,0.1,0.0,0.0,17.57541721597993,0.5364070166021618,0.0,0.0
2099,Industry,True,0.45,0.0,0.0,18.536950276665703,0.584221158707123,0.0,0.0
2099,Road transport,True,0.1,0.0,0.0,7.9094678360515625,0.5234010620919132,0.0,0.0
2099,Buildings,True,0.1,0.0,0.0,10.285236844262704,0.5725395397389524,0.0,0.0
2099,Aviation and shipping,True,0.35,0.0,0.0,28.6917963091809,0.6143671374360972,0.0,0.0
2099,Other energy,True,0.25,0.0,0.0,7.889438551764261,0.6574893576666244,0.0,0.0
2099,Land-use CO2,False,0.15,0.0,0.0,14.091692966094941,0.7810874546659012,0.0,0.0
2100,Power,True,0.1,0.0,0.0,17.57541721597993,0.5364070166021618,0.0,0.0
2100,Industry,True,0.45,0.0,0.0,18.536950276665703,0.584221158707123,0.0,0.0
2100,Road transport,True,0.1,0.0,0.0,7.9094678360515625,0.5234010620919132,0.0,0.0
2100,Buildings,True,0.1,0.0,0.0,10.285236844262704,0.5725395397389524,0.0,0.0
2100,Aviation and shipping,True,0.35,0.0,0.0,28.6917963091809,0.6143671374360972,0.0,0.0
2100,Other energy,True,0.25,0.0,0.0,7.889438551764261,0.6574893576666244,0.0,0.0
2100,Land-use CO2,False,0.15,0.0,0.0,14.091692966094941,0.7810874546659012,0.0,0.0
