year,net_anthropogenic_gtco2,co2_ppm,alpha_lifetime,iirf100_years,iirf100_capped_years,cumulative_net_emissions_gtc,airborne_gtc,cumulative_uptake_gtc
2026,42.2,429.1774375141945,0.569969868774202,45.939534883838206,45.939534883838206,768.0174672489082,320.94969984263497,447.0677674062733
2027,40.434197813032064,429.8625444942913,0.5830637428034307,46.19874996524978,46.19874996524978,779.0530015865262,322.40418196138046,456.64881962514573
2028,38.15191317560693,430.5984973176406,0.5954990088827175,46.43959289035787,46.43959289035787,789.4656416453709,323.96660980535097,465.4990318400199
2029,35.29756127638274,431.24275407360096,0.6074055926589274,46.66552896257276,46.66552896257276,799.0992555308464,325.3343668982548,473.76488863259164
2030,31.84270052294398,431.6812439295454,0.6188253447217308,46.87810405013224,46.87810405013224,807.7899489050124,326.26528086242496,481.5246680425874
2031,28.049108570291843,431.8522173077698,0.6297493823485181,47.077811899186166,47.077811899186166,815.4452732964676,326.6282573443954,488.81701595207215
2032,23.932276618433832,431.7062847304955,0.6401396434503819,47.26457272587358,47.26457272587358,821.9770081814113,326.318442482842,495.6585656985693
2033,19.72896676322737,431.22971396179855,0.6499488131726688,47.438127487717594,47.438127487717594,827.3615515119865,325.3066827408983,502.0548687710882
2034,15.593212700046195,430.4297920607172,0.6591316811752448,47.59824340888187,47.59824340888187,831.6173410043572,323.60844854490267,508.0088924594545
2035,11.775009924679441,429.34441339981385,0.6676575131430706,47.74491845242067,47.74491845242067,834.8310445864204,321.30418964780483,513.5268549386155
2036,7.666915325579282,427.9347211835544,0.6754947551293453,47.878104380172005,47.878104380172005,836.9235433106505,318.3114130726861,518.6121302379645
2037,3.5648154051288845,426.2024215703707,0.6826144857165183,47.99776417097326,47.99776417097326,837.8964732792992,314.63374099389694,523.2627322854023
2038,-0.25747452542202787,424.18295653292364,0.6889943539343806,48.10393371925461,48.10393371925461,837.8262018476885,310.3464167193969,527.4797851282915
2039,-3.6444819522818843,421.9283486958665,0.6946297530121476,48.1968997658211,48.1968997658211,836.8315288257775,305.5598842813246,531.2716445444528
2040,-6.530150717702193,419.49546536550605,0.6995373808680069,48.277247564191114,48.277247564191114,835.0492824508588,300.39487297096935,534.6544094798894
2041,-8.924728382039383,416.93690368885086,0.7037527583277368,48.34581307354501,48.34581307354501,832.6134941369834,294.9630465314304,537.6504476055529
2042,-10.918345757812585,414.292040893644,0.7073237152562137,48.40357616025959,48.40357616025959,829.6335962773184,289.3480028172063,540.2855934601121
2043,-12.521762886407743,411.5981120188238,0.7103059531252792,48.451593216618605,48.451593216618605,826.2160845725127,283.628791815963,542.5872927565497
2044,-13.077638182879742,408.9723469068572,0.7127810601126436,48.49129210659025,48.49129210659025,822.646860177622,278.05429248325777,544.5925676943642
2045,-13.318589843966956,406.43511316085517,0.714835980753855,48.524146922340414,48.524146922340414,819.0118738664956,272.66774524049555,546.3441286260002
2046,-13.473981370039173,403.9798050215195,0.7159825249207519,48.5424372606458,48.5424372606458,815.3344772043671,267.45512606068587,547.8793511436812
2047,-13.606432565526912,401.5958015086186,0.7164326257374458,48.549609525426504,48.549609525426504,811.6209311984918,262.39388660279724,549.2270445956946
2048,-13.656904482268045,399.28288267300024,0.7163464304982872,48.54823637075161,48.54823637075161,807.8936101061697,257.4835599147795,550.4100501913902
2049,-13.673983397886552,397.03653855146206,0.7158442108194428,48.54023234795092,48.54023234795092,804.1616277377509,252.71457134475398,551.447056392997
2050,-13.684871285891186,394.8505749756725,0.7150160935121194,48.527022127072144,48.527022127072144,800.426673784178,248.07377067335273,552.3529031108253
2051,-13.7,392.71897780844694,0.7139287492314175,48.50965343571587,48.50965343571587,796.6875908147457,243.54838988733292,553.1392009274127
2052,-13.7,390.63927914875285,0.7126318546003497,48.488902867645194,48.488902867645194,792.9485078453134,239.13318963280227,553.8153182125111
2053,-13.7,388.60782999929495,0.7111623205569989,48.465344347917096,48.465344347917096,789.2094248758812,234.82042308850325,554.3890017873779
2054,-13.7,386.62162985216344,0.7095478085585927,48.43940545765507,48.43940545765507,785.4703419064489,230.60372017614304,554.8666217303058
2055,-13.7,384.67816363716804,0.7078090592613276,48.411404468219615,48.411404468219615,781.7312589370166,226.47774140170773,555.2535175353089
2056,-13.7,382.7752827569167,0.705961787656149,48.38158036562097,48.38158036562097,777.9921759675843,222.43792529293412,555.5542506746502
2057,-13.7,380.91111795289635,0.7040180607712134,48.35011462082904,48.35011462082904,774.253092998152,218.48030341399897,555.7727895841531
2058,-13.7,379.0840152528663,0.7019872972929181,48.31714696440752,48.31714696440752,770.5140100287198,214.6013643818352,555.9126456468846
2059,-13.7,377.2924887113245,0.6998769915123145,48.28278680667598,48.28278680667598,766.7749270592875,210.79795353414195,555.9769735251456
2060,-13.7,375.53518540096667,0.6976932366613555,48.24712149689933,48.24712149689933,763.0358440898552,207.06719860625225,555.968645483603
2061,-13.7,373.81085936180256,0.6954411025418379,48.21022228962684,48.21022228962684,759.296761120423,203.40645442510683,555.8903066953161
2062,-13.7,372.1183521131301,0.6931249075259208,48.17214864954069,48.17214864954069,755.5576781509907,199.81326153617522,555.7444166148155
2063,-13.7,370.4565779831248,0.6907484141329351,48.13295135377852,48.13295135377852,751.8185951815584,196.28531505817404,555.5332801233844
2064,-13.7,368.8245129820139,0.6883149694261642,48.09267472513602,48.09267472513602,748.0795122121261,192.8204410608156,555.2590711513105
2065,-13.7,367.22118628753145,0.6858276056551813,48.05135823811938,48.05135823811938,744.3404292426939,189.4165784884293,554.9238507542645
2066,-13.7,365.645673661109,0.6832891123241744,48.00903767325592,48.00903767325592,740.6013462732616,186.07176518253448,554.5295810907271
2067,-13.7,364.0970922955264,0.6807020877742278,47.96574594664661,47.96574594664661,736.8622633038293,182.78412694340253,554.0781363604268
2068,-13.7,362.5745967279063,0.6780689761182117,47.92151370654432,47.92151370654432,733.123180334397,179.551868853345,553.571311481052
2069,-13.7,361.0773755492967,0.6753920937337011,47.876369763181664,47.876369763181664,729.3840973649648,176.37326829115688,553.0108290738078
2070,-13.7,359.6046487133111,0.6726736483354088,47.83034139953346,47.83034139953346,725.6450143955325,173.24666921835956,552.3983451771729
2071,-13.7,358.15566529843227,0.6699157527920789,47.78345459727329,47.78345459727329,721.9059314261002,170.17047742857176,551.7354539975285
2072,-13.7,356.7297016167614,0.6671204352343078,47.735734202475555,47.735734202475555,718.1668484566679,167.14315653238444,551.0236919242835
2073,-13.7,355.3260595899634,0.6642896465542238,47.68720404860789,47.68720404860789,714.4277654872357,164.16322450949224,550.2645409777434
2074,-13.7,353.94406533365606,0.6614252660777906,47.637887049312745,47.637887049312745,710.6886825178034,161.2292507033518,549.4594318144516
2075,-13.7,352.58306790652466,0.6585291059610501,47.58780526985106,47.58780526985106,706.9495995483711,158.33985316555183,548.6097463828193
2076,-13.7,351.2424381914754,0.6556029146977511,47.53697998348259,47.53697998348259,703.2105165789388,155.49369628050226,547.7168202984366
2077,-13.7,349.9215678842471,0.652648380009102,47.4854317172013,47.4854317172013,699.4714336095066,152.6894886182567,546.7819449912499
2078,-13.7,348.6198685708626,0.6496671313036957,47.43318028992225,47.43318028992225,695.7323506400743,149.92598097594134,545.806369664133
2079,-13.7,347.3367708796942,0.6466607418372727,47.38024484527918,47.38024484527918,691.993267670642,147.2019645775908,544.7913030930513
2080,-13.7,346.07172369716545,0.6436307306609887,47.32664388053009,47.32664388053009,688.2541847012097,144.51626940908233,543.7379152921274
2081,-13.7,344.8241934385141,0.6405785644182933,47.27239527260299,47.27239527260299,684.5151017317775,141.86776266996546,542.647339061812
2082,-13.7,343.59366336683,0.63750565903069,47.217516301989576,47.217516301989576,680.7760187623452,139.25534732778016,541.520671434565
2083,-13.7,342.37963295492096,0.6344133812990671,47.162023674968935,47.162023674968935,677.0369357929129,136.6779607632972,540.3589750296157
2084,-13.7,341.18161728556163,0.6313030504380254,47.10593354448889,47.10593354448889,673.2978528234806,134.1345734972474,539.1632793262332
2085,-13.7,339.9991464864468,0.6281759395544484,47.04926152992655,47.04926152992655,669.5587698540484,131.6241879907266,537.9345818633218
2086,-13.7,338.8317651967495,0.6250332770774235,46.992022735878635,46.992022735878635,665.8196868846161,129.1458375126992,536.673849371917
2087,-13.7,337.6790320626385,0.621876248144006,46.934231770084914,46.934231770084914,662.0806039151838,126.69858506898149,535.3820188462023
2088,-13.7,336.54051925946,0.6187059959436141,46.87590276055669,46.87590276055669,658.3415209457515,124.28152238783352,534.059998557918
2089,-13.7,335.4158120385699,0.6155236230228319,46.81704937196289,46.81704937196289,654.6024379763193,121.89376895788395,532.7086690184353
2090,-13.7,334.3045082970277,0.6123301925518209,46.75768482131364,46.75768482131364,650.863355006887,119.5344711145899,531.3288838922971
2091,-13.7,333.20621816854754,0.6091267295532187,46.69782189297373,46.69782189297373,647.1242720374547,117.20280117182638,529.9214708656283
2092,-13.7,332.120563634256,0.605914222094276,46.63747295303402,46.63747295303402,643.3851890680224,114.89795659552543,528.487232472497
2093,-13.7,331.0471781519359,0.6026936224429483,46.57664996306665,46.57664996306665,639.6461060985902,112.61915921655994,527.0269468820302
2094,-13.7,329.9857063025452,0.5994658481886758,46.51536449328831,46.51536449328831,635.9070231291579,110.36565448030348,525.5413686488544
2095,-13.7,328.9358034528981,0.596231783328649,46.4536277351558,46.4536277351558,632.1679401597256,108.13671073050266,524.031229429223
2096,-13.7,327.8971354334802,0.5929922793203969,46.39145051341738,46.39145051341738,628.4288571902933,105.93161852527842,522.497238665015
2097,-13.7,326.86937823044497,0.589748156101604,46.32884329764375,46.32884329764375,624.6897742208611,103.74968998323467,520.9400842376264
2098,-13.7,325.85221769090725,0.5865002030781095,46.26581621326201,46.26581621326201,620.9506912514288,101.5902581577961,519.3604330936327
2099,-13.7,324.8453492407105,0.5832491800810506,46.20237905211596,46.20237905211596,617.2116082819965,99.45267643802845,517.7589318439681
2100,-13.7,323.848477613902,0.5799958182941775,46.13854128257573,46.13854128257573,613.4725253125642,97.33631797431397,516.1362073382503
2101,-13.7,322.8613165932001,0.5767408211523423,46.074312059219416,46.074312059219416,609.733442343132,95.24057512736381,514.4928672157681
2102,-13.7,321.883588760787,0.5734848652121735,46.00970023210856,46.00970023210856,605.9943593736997,93.16485893915078,512.8295004345489
2103,-13.7,320.91502525880264,0.5702286009959524,45.94471435567923,45.94471435567923,602.2552764042674,91.10859862443809,511.14667777982936
2104,-13.7,319.9553655589577,0.5669726538096688,45.879362697269094,45.879362697269094,598.5161934348351,89.0712410816672,509.44495235316793
2105,-13.7,319.0043572407196,0.563717624536225,45.813653245300735,45.813653245300735,594.7771104654029,87.05225042204775,507.72486004335514
2106,-13.7,318.06175577756363,0.5604640904047313,45.74759371714027,45.74759371714027,591.0380274959706,85.05110751576763,505.98691998020297
2107,-13.7,317.12732433081067,0.5572126057367842,45.681191566649616,45.681191566649616,587.2989445265383,83.06730955431111,504.2316349722272
2108,-13.7,316.20083355060694,0.5539637026706148,45.6144539914499,45.6144539914499,583.559861557106,81.10036962793849,502.45949192916754
2109,-13.7,315.2820613836277,0.5507178918639335,45.547387939912696,45.547387939912696,579.8207785876738,79.14981631744166,500.6709622702321
2110,-13.7,314.370792887116,0.5474756631762713,45.480000117894775,45.480000117894775,576.0816956182415,77.21519329934728,498.8665023188942
2111,-13.7,313.4668200488898,0.5442374863315874,45.41229699523144,45.41229699523144,572.3426126488092,75.29605896379309,497.04655368501614
2112,-13.7,312.56994161297837,0.5410038115618614,45.34428481200249,45.34428481200249,568.603529679377,73.39198604435303,495.21154363502393
2113,-13.7,311.6799629105673,0.5377750702323612,45.275969584584054,45.275969584584054,564.8644467099447,71.5025612591344,493.3618854508103
2114,-13.7,310.7966956959558,0.5345516754492485,45.20735711149904,45.20735711149904,561.1253637405124,69.62738496251414,491.49797877799824
2115,-13.7,309.9199579872463,0.5313340226501357,45.13845297907783,45.13845297907783,557.3862807710801,67.76607080692385,489.6202099641563
2116,-13.7,309.04957391150793,0.5281224901781835,45.069262566940274,45.069262566940274,553.6471978016478,65.91824541413133,487.72895238751653
2117,-13.7,308.18537355417067,0.5249174398403025,44.99979105330954,44.99979105330954,549.9081148322156,64.08354805550435,485.8245667767112
2118,-13.7,307.32719281242396,0.5217192174499756,44.93004342016738,44.93004342016738,546.1690318627833,62.26163034077604,483.90740152200726
2119,-13.7,306.4748732524091,0.5185281533552077,44.86002445825988,44.86002445825988,542.429948893351,60.45215591486452,481.9777929784865
2120,-13.7,305.62826197000936,0.5153445629520738,44.78973877196244,44.78973877196244,538.6908659239188,58.65480016232984,480.03606576158893
2121,-13.7,304.7869842809742,0.5123122965475319,44.72238903653395,44.72238903653395,534.9517829544865,56.86876762850818,478.0830153259783
2122,-13.7,303.95077307181083,0.5093924771901759,44.65715907115449,44.65715907115449,531.2126999850542,55.0934912314544,476.1192087535998
2123,-13.7,303.1194281682496,0.5065566233281141,44.59344601618325,44.59344601618325,527.4736170156219,53.32854600119391,474.145071014428
2124,-13.7,302.2927909952243,0.5037838719188972,44.53080487375824,44.53080487375824,523.7345340461897,51.57359528286119,472.16093876332843
2125,-13.7,301.47072896320606,0.5010589472663896,44.468907412866436,44.468907412866436,519.9954510767574,49.82835758888649,470.1670934878709
2126,-13.7,300.65312597155304,0.49837067295987003,44.40751173243226,44.40751173243226,516.2563681073251,48.09258643760708,468.163781669718
2127,-13.7,299.8398767148616,0.49571088054025997,44.34643972855479,44.34643972855479,512.5172851378928,46.366058265651176,466.15122687224164
2128,-13.7,299.0308833244194,0.49307360857898036,44.28556042058366,44.28556042058366,508.7782021684605,44.648565297742394,464.1296368707181
2129,-13.7,298.2260534232482,0.4904545146505731,44.224777617761454,44.224777617761454,505.03911919902816,42.93991141755583,462.09920778147233
2130,-13.7,297.4252990225012,0.4878504435209819,44.164020800035416,44.164020800035416,501.30003622959583,41.239909824769974,460.06012640482584
2131,-13.7,296.6285359081211,0.48525911003219974,44.10323837785505,44.10323837785505,497.5609532601635,39.54838173294106,458.01257152722246
2132,-13.7,295.8356833053297,0.48267886622942063,44.04239271204506,44.04239271204506,493.82187029073117,37.865155657215,455.9567146335162
2133,-13.7,295.04666369458164,0.4801085303743692,43.981456435353074,43.981456435353074,490.08278732129884,36.19006702359686,453.892720297702
2134,-13.7,294.26140270540964,0.4775472614243681,43.920409736320764,43.920409736320764,486.3437043518665,34.52295794358462,451.8207464082819
2135,-13.7,293.4798290465436,0.47499446691292685,43.85923835437,43.85923835437,482.6046213824342,32.86367706581214,449.74094431662206
2136,-13.7,292.7018744497086,0.4724497353669575,43.79793210036838,43.79793210036838,478.86553841300184,31.21207945673141,447.6534589562704
2137,-13.7,291.9274736155918,0.46991278674635306,43.73648376534145,43.73648376534145,475.1264554435695,29.56802648590135,445.5584289576682
2138,-13.7,291.1565641567539,0.4673834361192091,43.674888315822045,43.674888315822045,471.3873724741372,27.93138570478851,443.45598676934867
2139,-13.7,290.38908653567756,0.46486156705564846,43.61314230082732,43.61314230082732,467.64828950470485,26.302030715243458,441.3462587894614
2140,-13.7,289.62498399789325,0.46234711215641616,43.551243415050784,43.551243415050784,463.9092065352725,24.67984102752734,439.2293655077452
2141,-13.7,288.8642025009231,0.4598400388182214,43.48919017734295,43.48919017734295,460.1701235658402,23.064701909459792,437.1054216563804
2142,-13.7,288.1066906400636,0.45734033884180797,43.426981694260014,43.426981694260014,456.43104059640785,21.45650422885505,434.9745363675528
2143,-13.7,287.3523995720417,0.4548480208590168,43.36461748636893,43.36461748636893,452.6919576269755,19.85514429144453,432.836813335531
2144,-13.7,286.60128293747226,0.4523631048271615,43.302097360839554,43.302097360839554,448.9528746575432,18.260523676253563,430.6923509812896
2145,-13.7,285.85329678289,0.4498856180388616,43.23942131816857,43.23942131816857,445.21379168811086,16.67254907007551,428.54124261803537
2146,-13.7,285.10839948297377,0.4474155922422468,43.17658948406513,43.17658948406513,441.4747087186785,15.0911321023533,426.38357661632523
2147,-13.7,284.36655166343724,0.44495306157421277,43.11360205987955,43.11360205987955,437.7356257492462,13.516189181477229,424.219436567769
2148,-13.7,283.62771612494294,0.4424980610885595,43.05045928669198,43.05045928669198,433.99654277981386,11.947641333253847,422.04890144656
2149,-13.7,282.8918577682969,0.44005062571892234,42.987161419458815,42.987161419458815,430.25745981038153,10.385414042094403,419.87204576828714
2150,-13.7,281.9526106509293,0.5629742979923016,45.7985944604438,45.7985944604438,426.5183768409492,8.391392411922908,418.12698442902627
2151,-13.7,281.0496783647273,0.5613582746293406,45.7657873072657,45.7657873072657,422.77929387151687,6.474467168316037,416.30482670320083
2152,-13.7,280.1730318051186,0.5596758062875962,45.731530742020176,45.731530742020176,419.04021090208454,4.613346522266815,414.42686437981774
2153,-13.7,279.31591775314195,0.5579470878552694,45.69622505034057,45.69622505034057,415.3011279326522,2.793693389920356,412.50743454273186
