emissions_through_year,fair_timebound_after_flux,cumulative_net_removal_gtco2,fair_p50_cumulative_drawdown_ppm,atmospheric_mass_decrease_equivalent_gtco2,cumulative_apparent_atmospheric_response_fraction
2039,2040,3.2200697603961377,1.7233852707937558,13.390703554067482,4.158513495192147
2040,2041,9.301108310605573,3.5610180994659686,27.669110632850575,2.9748186677173645
2041,2042,17.756132613445157,5.556241476151968,43.171996269700784,2.4313850999857047
2042,2043,28.188686829968916,7.648910191685559,59.432032189396786,2.10836469779115
2043,2044,40.21354617537554,9.7982027626731,76.13203546596998,1.8931937793784734
2044,2045,52.787143857105676,11.865432633752732,92.19441156425873,1.7465315383197881
2045,2046,65.59782073410068,13.837777080187095,107.51952791305372,1.6390716446035876
2046,2047,78.56007981538718,15.708681760282786,122.05645727739724,1.5536702300229923
2047,2048,91.65104266203922,17.588787527073805,136.66487908536345,1.491143746059841
2048,2049,104.78880495763283,19.366756671250982,150.47969933562013,1.4360283944116032
2049,2050,117.94004800147792,21.09645979233585,163.91949258644954,1.3898543824943623
2050,2051,131.09864651625324,22.778500440760922,176.98894842471236,1.3500440555865676
2051,2052,144.26889407711175,24.41285624109122,189.68789299327875,1.3148218415806983
2052,2053,157.43571001552772,25.984251694332613,201.89763566496438,1.2824132189898432
2053,2054,170.59913333202857,27.549244575811258,214.05763035405346,1.2547404325756086
2054,2055,183.75919556789597,29.077774605585603,225.9343086854001,1.2295129394050983
2055,2056,196.91592221646232,30.575460255726398,237.5713261869941,1.2064607245210004
2056,2057,210.0693339421273,32.02910214083835,248.86612363431394,1.184685641469568
2057,2058,223.21944761112846,33.43019343666509,259.7526030028878,1.1636647513589582
2058,2059,236.36627714951757,34.80625902956666,270.4446326597329,1.1441760471129243
2059,2060,249.50983424881926,36.135816448078,280.7752938015661,1.1253075240375812
2060,2061,262.6501289410859,37.43963971338991,290.9060005730396,1.1075798886749897
2061,2062,275.78717006417827,38.71714508714467,300.8322173271141,1.0908129528183186
2062,2063,288.9209656361435,39.98225241375536,310.66210125487913,1.075249421830175
2063,2064,302.051523155166,41.22479863107225,320.31668536343136,1.060470352930094
2064,2065,315.1788498391137,42.44957546286673,329.8332013464745,1.0464953518132363
2065,2066,328.30295281638547,43.64390474075333,339.1131398356533,1.0329274742323558
2066,2067,341.4238392776989,44.84083587045609,348.4132947134438,1.0204714921211462
2067,2068,354.54151659666286,46.006726284576644,357.4722632311605,1.0082663002703622
2068,2069,367.6559924254675,47.176571816248554,366.5619630122512,0.9970243123034692
2069,2070,380.76727477076605,48.32751404710393,375.5047841459975,0.986179246554377
2070,2071,393.8753720537956,49.433731305137485,384.10009224091823,0.9751817947847161
2071,2072,406.9802931579495,50.54701348698694,392.7502947938885,0.9650351660675168
2072,2073,420.082047466346,51.62084118404994,401.09393600006797,0.9547990408521344
2073,2074,433.18064489140374,52.71652399957327,409.60739147668426,0.9455810094640097
2074,2075,446.27609589801256,53.76547140525497,417.7577128188311,0.9360969961391373
2075,2076,459.36841152155347,54.83889194220376,426.0981903909232,0.927573990078181
2076,2077,472.4576033817595,55.885717853765925,434.23202772376123,0.9190920510446079
2077,2078,485.5436836932028,56.910357913198595,442.19348098555304,0.9107182233781437
2078,2079,498.6266652730325,57.92603573610569,450.0852976695412,0.9026498761815887
2079,2080,511.70656154645974,58.924275121806375,457.8416176964355,0.894734701686772
2080,2081,524.7833865503895,59.926375767516504,465.6279397136032,0.887276449001866
2081,2082,537.8571549355191,60.92350577604287,473.3756398798531,0.8801140517255063
2082,2083,550.9278819671628,61.90035636517189,480.96576895738554,0.8730103970051978
2083,2084,563.995583525015,62.88710914302635,488.6328380413147,0.8663770644928148
2084,2085,577.0602761020251,63.846057481963726,496.0838666348581,0.8596742613888566
2085,2086,590.1219768025259,64.80171044323566,503.5092901439411,0.8532291796216764
2086,2087,603.1807034413653,65.7529195007786,510.9001845210497,0.847010160647014
2087,2088,616.2364745197265,66.70863604325933,518.326102056125,0.8411155838512976
2088,2089,629.289309205596,67.64101162663786,525.5706603389762,0.8351812952335825
2089,2090,642.3392273177182,68.56547473575915,532.7537386968486,0.8293962380618152
2090,2091,655.386249312158,69.4895970657621,539.9341692009715,0.82384116201346
2091,2092,668.4303962708162,70.41666807306495,547.1375109277146,0.8185407395896468
2092,2093,681.4716898913993,71.33521946836879,554.2746552692255,0.8133494956445746
2093,2094,694.5101524784783,72.24361333594709,561.3328756203089,0.8082428653016756
2094,2095,707.5458069353596,73.12459512192214,568.178104097335,0.8030266005791523
2095,2096,720.5786767565623,74.0254521986563,575.1777635835593,0.7982164642624795
2096,2097,733.6087860207539,74.90849382342361,582.0389970080014,0.7933915297894694
2097,2098,746.6361593840288,75.79569266836359,588.932532033185,0.7887811548251982
2098,2099,759.6608220734528,76.67401743633934,595.7571154803567,0.7842409377572876
2099,2100,772.6827998808104,77.54304972353765,602.5094963518875,0.7797630495266973
2100,2101,785.7021191565154,78.38925743988631,609.0845303079166,0.7752104970288163
2101,2102,798.718805041839,79.2508746571732,615.7792960862357,0.7709588057764328
2102,2103,811.7328819876832,80.12483982243032,622.5700054202836,0.7669641322103422
2103,2104,824.7443741372913,80.9725059694565,629.156371382677,0.762850152255715
2104,2105,837.7533056070415,81.81904844666576,635.7340064305929,0.7588558614757549
2105,2106,850.7597006909907,82.6672815610321,642.3247777292194,0.755001414861941
2106,2107,863.7635840084529,83.50422525716357,648.8278302481609,0.751163677492812
2107,2108,876.7649806090914,84.34028441156318,655.3240098778458,0.7474340608615437
2108,2109,889.763916046391,85.15867907755961,661.6829364326381,0.7436612392338676
2109,2110,902.7604164276615,85.99378684772876,668.1717238068524,0.740142912391854
2110,2111,915.7545084466773,86.80404008847802,674.4673914874742,0.7365155019891962
2111,2112,928.7462194035296,87.62818426172254,680.8709917135841,0.733107685919692
2112,2113,941.735577215112,88.43744309014329,687.1589328104134,0.7296729033456193
2113,2114,954.7226104187959,89.25767343238738,693.5321225696499,0.7264226436047504
2114,2115,967.7073481712047,90.05881902851308,699.7570238515466,0.7231081020248149
2115,2116,980.6898202435093,90.85501811213175,705.9434907312636,0.7198438039827669
2116,2117,993.6700570142997,91.65707649309877,712.1754843513775,0.7167122319165633
2117,2118,1006.6480894608184,92.44781862823015,718.3195507413483,0.713575636075657
2118,2119,1019.6239491491336,93.23340008306445,724.4235186454108,0.7104810741743908
2119,2120,1032.597668223679,94.00297159608493,730.4030893015799,0.7073452824642266
2120,2121,1045.56927939647,94.77936357840929,736.4356550042402,0.7043394153941958
2121,2122,1058.538662462352,95.54669931384893,742.3978536686062,0.701342218281999
2122,2123,1071.5057340067535,96.32021232780232,748.408049787024,0.6984638775459011
2123,2124,1084.4682643189246,97.08707970800458,754.3666093311956,0.6956096680292975
2124,2125,1097.425978268517,97.84397514975615,760.2476869136052,0.6927553219699604
2125,2126,1110.3788684878987,98.61316083921844,766.2242597207272,0.690056593713966
2126,2127,1123.32692812481,99.38616600771013,772.2305098799077,0.6874494775701728
2127,2128,1136.2701508304112,100.12843610615664,777.9979485448371,0.6846945226680988
2128,2129,1149.2085307475788,100.89918436715669,783.9866625328075,0.6821970439279731
2129,2130,1162.1420624994391,101.6329481281204,789.6880069554954,0.6795107349071419
2130,2131,1175.070741178139,102.3591321231944,795.3304565972204,0.6768362352378999
2131,2132,1187.9945623338474,103.09636761609369,801.0587763770479,0.6742949856633572
2132,2133,1200.9135219639822,103.831586416172,806.7714264536564,0.6717981034423335
2133,2134,1213.8276165026605,104.55316669237612,812.3781051997624,0.6692697498022215
2134,2135,1226.7368428103641,105.2682997709145,817.9346892200056,0.6667564392589508
2135,2136,1239.6411981638203,105.9964087623867,823.5920960837445,0.6643794166438358
2136,2137,1252.5406802460882,106.71785122537705,829.1977040211796,0.6620125933620504
2137,2138,1265.4352871368533,107.43751637582432,834.7895022401549,0.6596856518273105
2138,2139,1278.3250173029196,108.13192723740241,840.1850746346166,0.65725466001384
2139,2140,1291.2098695888994,108.84919009295817,845.7582070222849,0.6550121920083841
2140,2141,1304.089843208095,109.53549773088906,851.0908173690079,0.6526320420342376
2141,2142,1316.9649377335702,110.2422898508197,856.582592140869,0.6504217140473034
2142,2143,1329.835153089405,110.92773233461446,861.9084802399543,0.6481318216303823
2143,2144,1342.7004895421323,111.62285180758238,867.309558544915,0.6459441739242026
2144,2145,1355.560947692353,112.32650588436309,872.7769507215012,0.6438492877854575
2145,2146,1368.4165284665232,113.00039917653692,878.0131016016918,0.6416270801592934
2146,2147,1381.2672331089136,113.68115183001419,883.3025497192102,0.6394870800859441
2147,2148,1394.1130631737346,114.37037933492638,888.6578474323779,0.6374359949036883
2148,2149,1406.9540205174262,115.03405258855571,893.8145886130778,0.6352834389601201
2149,2150,1419.7901072911081,115.71788892195354,899.127996923579,0.6332823368089755
2150,2151,1432.6213259331869,116.3753383438193,904.2363789314759,0.6311761262819892
2151,2152,1445.4476791621164,117.05236145241577,909.4968484852704,0.629214645121212
2152,2153,1458.2691699693112,117.6982070065859,914.5150684411724,0.6271236389509751
2153,2154,1471.0858016122058,118.35039592958356,919.5825763728642,0.6251046508402616
2154,2155,1482.2653533315852,118.79751985721163,923.0567292905342,0.6227337954137858
2155,2156,1492.9410225097497,119.24191244914243,926.5096597298367,0.6205936107056005
2156,2157,1502.7704535496416,119.59184757204872,929.2286556348186,0.6183437087413584
2157,2158,1508.8252868751033,119.53958239799783,928.8225552324432,0.615593179218323
2158,2159,1514.3792712128452,119.50104358681966,928.5231086695887,0.6131377563864484
2159,2160,1519.432691835056,119.45746358134454,928.184492027047,0.6108756886796057
2160,2161,1523.9858330946286,119.4048254494412,927.7754937421581,0.6087822298572181
2161,2162,1528.038978424815,119.32445499059992,927.1510152769613,0.6067587465816602
2162,2163,1531.592410338976,119.23218710478409,926.4340938041723,0.6048829228653148
2163,2164,1535.091884269821,119.15091886235587,925.802639560505,0.6030926546138771
2164,2165,1539.0919424953786,119.15994659974155,925.8727850799918,0.6015708090699539
2165,2166,1543.431304398047,119.22081889676952,926.3457628278991,0.6001859364833751
2166,2167,1547.443656008894,119.23794055985684,926.4787981500875,0.5987156912320964
2167,2168,1551.3565616377512,119.27485043202296,926.7655878568183,0.5973904457389483
2168,2169,1555.1773010814263,119.30057235668028,926.9654472114057,0.5960512968951001
2169,2170,1558.912146870647,119.33408236983837,927.2258200136441,0.5947902977566458
2170,2171,1562.5665207113263,119.38013448933657,927.5836449821451,0.5936282601011327
2171,2172,1566.145125301838,119.40245898235185,927.7571062928738,0.5923825904154765
2172,2173,1569.652055407706,119.43142020014557,927.982134955131,0.5912024462734158
2173,2174,1573.0908914632112,119.4775267121683,928.3403825535477,0.5901377902519361
2174,2175,1576.4647784539748,119.52290413347225,928.6929651170793,0.589098454852788
2175,2176,1579.776492400401,119.56307142087809,929.0050649402227,0.5880610766201745
2176,2177,1583.0284963961321,119.60810284398872,929.3549590977923,0.5870740553398309
2177,2178,1586.2229878476019,119.65007916099353,929.6811150809197,0.5860973660093242
2178,2179,1589.3619383012663,119.68514779555352,929.9535983714508,0.5851112801690715
2179,2180,1592.4471270265067,119.73827637987472,930.3664074716265,0.5842369217048048
2180,2181,1595.4801693380668,119.78077031836551,930.6965853737,0.5833332204685613
2181,2182,1598.4625404867868,119.84254058446624,931.1765403413026,0.5825451124164144
2182,2183,1601.3955958167473,119.89207126978124,931.5613937662002,0.5817184686904819
2183,2184,1604.2805877768903,119.94003795994684,931.9340949487869,0.5809046759334049
