year,atmospheric_pco2_ppm,oae_cdr_gtco2_yr,total_alkalinity_umol_kg,oae_alkalinity_anomaly_umol_kg,surface_ocean_ph,surface_ocean_ph_without_oae,oae_ph_increment
2026,427.29043508345666,0.0,2300.0,0.0,8.050712612498716,8.050712612498716,0.0
2027,429.4265027550957,0.055882352941176466,2300.041179249587,0.041179249587051686,8.04927627867035,8.049270863052302,5.415618048232318e-06
2028,431.3203319572366,0.11176470588235293,2300.12152941306,0.12152941306016582,8.048013931389711,8.047997943301253,1.5988088458485095e-05
2029,432.8958545861557,0.16764705882352943,2300.2391401024065,0.2391401024062862,8.04697422579323,8.04694275680823,3.1468985000060457e-05
2030,434.1120053930131,0.22352941176470587,2300.392194100335,0.3921941003351802,8.046182210643673,8.046130591185472,5.161945820120195e-05
2031,435.00288187561387,0.27941176470588236,2300.5789628162897,0.5789628162896673,8.045613144526213,8.045536933955576,7.621057063644798e-05
2032,435.48909077586245,0.33529411764705885,2300.7978019640686,0.797801964068843,8.045318414356604,8.04521339341572,0.00010502094088415959
2033,435.5917720565194,0.39117647058823524,2301.047147450256,1.0471474502561067,8.045282945467893,8.045145106821293,0.00013783864659977496
2034,435.37159459097313,0.44705882352941173,2301.325511463171,1.32551146317092,8.04546601174455,8.045291550028146,0.00017446171640322916
2035,434.84131113571755,0.5029411764705882,2301.631478752565,1.6314787525646388,8.045859216056009,8.045644520120474,0.00021469593553469224
2036,433.97352044172953,0.5588235294117647,2301.963703090758,1.9637030907577213,8.046481324746587,8.046222971425653,0.00025835332093393504
2037,432.8123173803052,0.6147058823529412,2302.3209039063695,2.3209039063693093,8.047303875279662,8.04699861888314,0.0003052563965209032
2038,431.3443428826747,0.6705882352941177,2302.7018630822217,2.7018630822217573,8.04833706906469,8.047981836550456,0.00035523251423441593
2039,429.62095761188095,0.726470588235294,2303.105421909413,3.1054219094131996,8.04954805224042,8.049139932031737,0.0004081202086823055
2040,427.78332478320874,0.7823529411764705,2303.5304781899417,3.53047818994175,8.050843140165345,8.050379365679033,0.00046377448631140794
2041,425.78810140652274,0.838235294117647,2303.9759834806364,3.9759834806363887,8.052252512709945,8.051730467848007,0.0005220448619382978
2042,423.69543269098915,0.8941176470588235,2304.440940471503,4.440940471502925,8.053736421533513,8.053153624816789,0.0005827967167242321
2043,421.5461401200016,0.95,2304.9244004919296,4.924400491929536,8.055267718018113,8.054621815909075,0.0006459021090385875
2044,419.478910248922,0.95,2305.384281888929,5.384281888929044,8.056746109968916,8.056040246800528,0.0007058631683882766
2045,417.5065658024876,0.95,2305.8217346055353,5.82173460553547,8.058162221335557,8.057399380711354,0.000762840624203065
2046,415.6356611223919,0.95,2306.237852501399,6.237852501399275,8.059510887940815,8.058693901136566,0.0008169868042493533
2047,413.7555553556009,0.95,2306.6336760880063,6.633676088006251,8.060868445707284,8.060000018991042,0.0008684267162415438
2048,411.9775862114237,0.95,2307.0101951304982,7.010195130498213,8.062157359996919,8.061240046330157,0.000917313666761288
2049,410.24788309033886,0.95,2307.3683511226013,7.368351122601401,8.063414752722,8.062450985451948,0.0009637672700524291
2050,408.5658424419138,0.95,2307.709039640851,7.7090396408511985,8.064640826709127,8.063632917495802,0.0010079092133246093
2051,406.9314866415835,0.95,2308.033112584,8.033112583999955,8.065835347905427,8.064785492694035,0.0010498552113915594
2052,405.3600911883421,0.95,2308.3413803032076,8.3413803032076,8.066987271703884,8.065897553148734,0.0010897185551499433
2053,403.79509830686345,0.95,2308.6346136283414,8.634613628341636,8.068136487784878,8.067008896594176,0.0011275911907020486
2054,402.2665682770891,0.95,2308.9135457954535,8.913545795453317,8.069261625799298,8.068098047370928,0.0011635784283701156
2055,400.7688826269483,0.95,2309.1788742802496,9.178874280249698,8.070366565133021,8.069168792179669,0.0011977729533523274
2056,399.31524074183636,0.95,2309.431262542146,9.431262542146206,8.07144172072649,8.070211453376102,0.0012302673503885586
2057,397.9141494460096,0.95,2309.671341683261,9.671341683260756,8.07248076598433,8.071219617037507,0.0012611489468241643
2058,396.53808385310805,0.95,2309.8997120264976,9.899712026497776,8.073503338227253,8.0722128467661,0.0012904914611535645
2059,395.2085264345967,0.95,2310.116944616668,10.116944616668155,8.074493796302571,8.073175419060261,0.001318377242309765
2060,393.9047031692848,0.95,2310.3235826483988,10.323582648398725,8.075467030492,8.074122156924908,0.0013448735670920087
2061,392.62719779553004,0.95,2310.520142824402,10.520142824401756,8.076422536903696,8.075052487225166,0.0013700496785293836
2062,391.36209046891935,0.95,2310.7071166475007,10.707116647500877,8.077370408087255,8.07597644092251,0.0013939671647449359
2063,390.11954425160246,0.95,2310.8849716496443,10.884971649644154,8.078303193106652,8.076886501872881,0.0014166912337714166
2064,388.894767419808,0.95,2311.0541525609774,11.054152560977476,8.079224349328934,8.077786069628921,0.0014382797000127567
2065,387.7004381419214,0.95,2311.2150824219016,11.215082421901577,8.080124491922655,8.078665699161887,0.0014587927607685458
2066,386.5035070122186,0.95,2311.3681636408933,11.36816364089339,8.081027934597538,8.079549660917369,0.00147827368016884
2067,385.33761659809807,0.95,2311.513779000737,11.513779000736841,8.081909820721993,8.080413036952482,0.001496783769511012
2068,384.16777106642616,0.95,2311.652292615679,11.65229261567919,8.082796034847156,8.081281674669842,0.0015143601773139892
2069,383.0168288355708,0.95,2311.7840508419063,11.784050841906316,8.083669625591439,8.082138569498685,0.0015310560927535022
2070,381.9106115775372,0.95,2311.9093831436135,11.909383143613578,8.08451124535239,8.082964321478924,0.0015469238734659996
2071,380.79732939568777,0.95,2312.028602916838,12.028602916837928,8.085359479876733,8.083797492028626,0.0015619878481061278
2072,379.7235016986248,0.95,2312.142008273111,12.142008273111232,8.086179487936205,8.084603184775524,0.001576303160680581
2073,378.62781888310144,0.95,2312.2498827848945,12.249882784894385,8.087017247320032,8.085427361008927,0.0015898863111054595
2074,377.57887147741974,0.95,2312.352496194656,12.352496194656169,8.087821163490183,8.08621836685581,0.001602796634372794
2075,376.50545094047095,0.95,2312.45010508937,12.450105089369927,8.08864489084142,8.087029847745974,0.0016150430954464667
2076,375.4586250289088,0.95,2312.5429535421144,12.542953542114645,8.089449877792228,8.087823201959385,0.0016266758328438158
2077,374.4339849694761,0.95,2312.631273722385,12.631273722384785,8.090239367888124,8.088601643853487,0.0016377240346372446
2078,373.418307146569,0.95,2312.715286476635,12.715286476634951,8.09102335512825,8.089375143047816,0.0016482120804344191
2079,372.42006776086833,0.95,2312.795201880511,12.795201880511055,8.091795352065922,8.090137181308974,0.0016581707569489623
2080,371.4179671151582,0.95,2312.871219764149,12.871219764148863,8.092571608994932,8.090903990500676,0.0016676184942561179
2081,370.42083710663184,0.95,2312.9435302118536,12.94353021185342,8.093345401983491,8.091668818491543,0.0016765834919478806
2082,369.4439865175028,0.95,2313.012314037409,13.012314037408812,8.094104958381656,8.092419863085901,0.0016850952957554455
2083,368.45723373964836,0.95,2313.077743236207,13.077743236206826,8.094873474894221,8.093180309819736,0.0016931650744851368
2084,367.498285400711,0.95,2313.139981415325,13.139981415325003,8.095621888719423,8.093921060032029,0.0017008286873938516
2085,366.54263243943905,0.95,2313.1991842026296,13.19918420262956,8.096369067838692,8.094660970612745,0.0017080972259471139
2086,365.5914233818961,0.95,2313.2554996359263,13.255499635926112,8.097114130371446,8.095399139842543,0.0017149905289031153
2087,364.6357068394154,0.95,2313.3090685331313,13.309068533131299,8.097864046274795,8.096142522754224,0.0017215235205707557
2088,363.70333125603685,0.95,2313.360024844391,13.360024844390926,8.09859714042422,8.096869415716405,0.0017277247078144597
2089,362.77886814691556,0.95,2313.408495987025,13.408495987025102,8.09932537639322,8.097591771626718,0.0017336047665015286
2090,361.8547458169126,0.95,2313.454603164138,13.4546031641379,8.10005466929911,8.098315492752706,0.0017391765464047637
2091,360.92767480960975,0.95,2313.4984616676884,13.498461667688261,8.100787623698865,8.099043169925373,0.0017444537734920829
2092,360.0091234143059,0.95,2313.54018116678,13.540181166779933,8.101515249782048,8.099765794385407,0.0017494553966415083
2093,359.1007295467276,0.95,2313.5798659818915,13.579865981891361,8.102236231340443,8.100482035584749,0.0017541957556943544
2094,358.21974776075257,0.95,2313.6176153457313,13.617615345731222,8.102936892364728,8.101178197417646,0.001758694947081807
2095,357.3188906840184,0.95,2313.653523651372,13.65352365137188,8.10365458038814,8.101891634448883,0.0017629459392569657
2096,356.4358490592511,0.95,2313.687680688281,13.68768068828124,8.104359485794403,8.102592509851284,0.0017669759431182541
2097,355.5486502143111,0.95,2313.720171866843,13.720171866843181,8.105069021838151,8.103298234801057,0.0017707870370937684
2098,354.67032544633537,0.95,2313.751078431928,13.751078431928006,8.10577283349571,8.103998438257522,0.00177439523818812
2099,353.80129315913706,0.95,2313.780477666047,13.780477666046938,8.106470556994271,8.104692746154662,0.0017778108396093728
2100,352.9550854427884,0.95,2313.808443082599,13.80844308259865,8.107151319913733,8.10537027072357,0.0017810491901624204
2101,352.0934682255015,0.95,2313.835044609691,13.835044609691058,8.10784571527485,8.106061612002394,0.00178410327245615
2102,351.2195030602444,0.95,2313.860348764998,13.86034876499801,8.108551375392313,8.106764392435748,0.0017869829565650974
2103,350.3718369132182,0.95,2313.8844188220883,13.884418822088119,8.109237218199253,8.1074475052277,0.001789712971552504
2104,349.52529443600895,0.95,2313.9073149686415,13.907314968641643,8.109923464191517,8.108131173743113,0.0017922904484048985
2105,348.6770613216426,0.95,2313.929094456951,13.929094456951034,8.110612400514642,8.10881767889774,0.00179472161690164
2106,347.84011762551114,0.95,2313.9498117470816,13.949811747081498,8.111293516282599,8.109496497103596,0.001797019179003101
2107,347.00405847111153,0.95,2313.9695186430495,13.969518643049513,8.111975227722242,8.110176042334567,0.0017991853876750952
2108,346.1856638051151,0.95,2313.98826442236,13.988264422359864,8.112643868416852,8.11084263442835,0.0018012339885018491
2109,345.35055603494595,0.95,2314.006095959225,14.006095959225066,8.113327434328836,8.111524278273372,0.0018031560554643278
2110,344.5403027941967,0.95,2314.0230578417754,14.023057841775314,8.11399200579699,8.112187030178616,0.001804975618373561
2111,343.71615862095217,0.95,2314.039192483552,14.039192483552036,8.114669241337769,8.112862560181435,0.0018066811563333118
2112,342.9068997925314,0.95,2314.054540229564,14.054540229563832,8.115335575289869,8.113527284674918,0.0018082906149512468
2113,342.08666945028733,0.95,2314.06913945717,14.069139457170017,8.116012236103417,8.114202438586586,0.0018097975168309688
2114,341.2855238541616,0.95,2314.083026672044,14.083026672044003,8.116674486937226,8.11486326695104,0.0018112199861857192
2115,340.48932477054296,0.95,2314.0962365994565,14.096236599456502,8.117333932087522,8.11552137582102,0.001812556266502341
2116,339.68726638957594,0.95,2314.108802271107,14.10880227110679,8.11799951101501,8.116185705221762,0.0018138057932475249
2117,338.89652425444456,0.95,2314.120755107719,14.120755107719157,8.118657001252076,8.11684202088195,0.0018149803701259515
2118,338.11094279961026,0.95,2314.1321249976113,14.132124997611092,8.119311476572683,8.117495395445372,0.001816081127310909
2119,337.3413712865898,0.95,2314.1429403714296,14.142940371429633,8.119953873946518,8.118136757244715,0.0018171167018028456
2120,336.5649793042654,0.95,2314.153228273243,14.153228273242803,8.120603195698173,8.118785115451537,0.0018180802466361001
2121,335.7976435688258,0.95,2314.163014428164,14.163014428163866,8.121246193753523,8.119427211427306,0.0018189823262169114
2122,335.0241305548724,0.95,2314.1723233066773,14.172323306677503,8.121895609806257,8.120075790655765,0.0018198191504925632
2123,334.25726317467013,0.95,2314.1811781858287,14.181178185828777,8.122540705298167,8.120720105690706,0.0018205996074609487
2124,333.50036773291856,0.95,2314.189601207428,14.189601207427867,8.123178653098499,8.121357324975188,0.001821328123311261
2125,332.7311820434563,0.95,2314.1976134334163,14.197613433416125,8.123828199350372,8.12200620220229,0.0018219971480828434
2126,331.9581768749646,0.95,2314.205234898532,14.205234898531906,8.124482251746194,8.122659638591513,0.0018226131546814628
2127,331.21590677651807,0.95,2314.212484660408,14.212484660407842,8.12511155562109,8.123288360929733,0.0018231946913580543
2128,330.445158515518,0.95,2314.219380847225,14.219380847224857,8.125766240751984,8.123942524201352,0.0018237165506320707
2129,329.7113947545543,0.95,2314.225940703042,14.225940703042054,8.126390762937536,8.124566551412764,0.0018242115247719681
2130,328.9852107594803,0.95,2314.232180630916,14.232180630915856,8.127010009918898,8.125185341861688,0.0018246680572104879
2131,328.247975266581,0.95,2314.238116233916,14.238116233916179,8.127639864693892,8.125814785284257,0.0018250794096346112
2132,327.5127564665027,0.95,2314.2437623541423,14.24376235414224,8.12826920574386,8.12644375211538,0.0018254536284807443
2133,326.7911761902986,0.95,2314.2491331098354,14.249133109835537,8.128888063649303,8.127062265600385,0.0018257980489178038
2134,326.0760431117602,0.95,2314.254241930683,14.254241930682806,8.129502555438195,8.12767644440102,0.0018261110371753375
2135,325.347934120288,0.95,2314.259101591397,14.259101591397231,8.130129376121348,8.128302991110807,0.0018263850105402213
2136,324.62649165729766,0.95,2314.2637242436617,14.263724243661883,8.130751654971014,8.128925024103772,0.0018266308672423293
2137,323.9068265068504,0.95,2314.268121446515,14.268121446515256,8.131373590288678,8.129546742509257,0.0018268477794212146
2138,323.2124156452723,0.95,2314.272304195255,14.27230419525488,8.131974849953828,8.130147801511713,0.001827048442114787
2139,322.49515278971654,0.95,2314.276282948931,14.276282948931305,8.132597050300413,8.130769839163717,0.0018272111366961497
2140,321.80884515178565,0.95,2314.280067656501,14.280067656501162,8.133193539309291,8.131366176282038,0.0018273630272531705
2141,321.102053031855,0.95,2314.283667781705,14.28366778170474,8.133808968207129,8.131981487651332,0.0018274805557965124
2142,320.41661054806025,0.95,2314.28709232673,14.287092326730269,8.134406941308777,8.132579356212212,0.0018275850965654428
2143,319.72149107509233,0.95,2314.290349854724,14.29034985472408,8.1350144827424,8.133186820001699,0.0018276627407018964
2144,319.0178369983116,0.95,2314.2934485112028,14.293448511202929,8.135630646207405,8.133802931151026,0.00182771505637902
2145,318.3439437061378,0.95,2314.296396044422,14.296396044422028,8.136221871772268,8.134394110050236,0.0018277617220316955
2146,317.6631910526605,0.95,2314.29919982475,14.29919982474973,8.13682021521777,8.134992429365973,0.0018277858517983248
2147,316.9739635477483,0.95,2314.301866863097,14.301866863097276,8.13742713925298,8.135599351725213,0.0018277875277661337
2148,316.310290294119,0.95,2314.3044038284497,14.304403828449733,8.138012657894594,8.136184873569029,0.0018277843255649628
2149,315.62645396072116,0.95,2314.306817064542,14.30681706454193,8.138617074381266,8.13678931978902,0.0018277545922451566
2150,314.9690045388554,0.95,2314.309112605721,14.309112605721094,8.139199255584765,8.137371533531992,0.001827722052773595
2151,314.29198143025894,0.95,2314.311296192036,14.311296192035867,8.13979986804838,8.137972203297313,0.001827664751067104
2152,313.6461358760888,0.95,2314.3133732835895,14.313373283589417,8.14037388561353,8.138546277077157,0.001827608536371983
2153,312.99394695309115,0.95,2314.3153490741925,14.315349074192536,8.140954584612107,8.139127049117242,0.001827535494864918
2154,312.5468230254631,0.8479859827577679,2314.2420552080184,14.24205520801853,8.141343817902873,8.139525828947917,0.0018179889549561068
2155,312.1024304335323,0.8167359827577679,2314.1493080560435,14.149308056043532,8.141728642884964,8.139922671988636,0.0018059708963278354
2156,311.752495310626,0.7640701972935711,2314.022275248769,14.022275248768823,8.14202515576094,8.140235515536288,0.0017896402246524445
2157,311.8047604846769,0.5283507194327519,2313.727738146093,13.727738146093113,8.141940968716254,8.140188770557893,0.001752198158360585
2158,311.84329929585505,0.4971007194327519,2313.424537917586,13.424537917585926,8.141867947602183,8.140154306606947,0.0017136409952360765
2159,311.88687930133017,0.46585071943275197,2313.1130970688796,13.113097068879686,8.141789370032024,8.140115339015487,0.0016740310165364036
2160,311.9395174332335,0.434600719432752,2312.793817499764,12.79381749976397,8.1417016988922,8.14006827839732,0.0016334204948798003
2161,312.0198878920748,0.403350719432752,2312.4670815091445,12.467081509144327,8.141588302892755,8.139996437476107,0.0015918654166480195
2162,312.1121557778906,0.372100719432752,2312.1332527509885,12.13325275098867,8.141463385820352,8.13991398191004,0.0015494039103121082
2163,312.19342402031884,0.36869283439502587,2311.8131937708285,11.813193770828526,8.141350056492076,8.139841374036983,0.0015086824550927247
2164,312.18439628293316,0.39994283439502587,2311.5317721211595,11.531772121159372,8.141322276701747,8.139849438907735,0.0014728377940116388
2165,312.1235239859052,0.42113236048160385,2311.279689956057,11.279689956057235,8.141344529503245,8.13990382415405,0.0014407053491947153
2166,312.10640232281787,0.40069075886796596,2311.0248387339025,11.024838733902634,8.14132735703562,8.139919122879258,0.0014082341563614875
2167,312.06949245065175,0.3944606288968459,2310.7778258206145,10.777825820614273,8.141328855994832,8.139952105489094,0.0013767505057380447
2168,312.04377052599443,0.38868266111960115,2310.5386021319864,10.53860213198644,8.141321352976734,8.139975092600546,0.0013462603761880132
2169,312.01026051283634,0.3832941681342727,2310.3070747838437,10.307074783843738,8.141321787405092,8.140005042261983,0.0013167451431090882
2170,311.96420839333814,0.37824220204566106,2310.0831164051538,10.08311640515382,8.141334393482758,8.140046206095493,0.0012881873872654381
2171,311.94188390032286,0.37348202140193093,2309.866572867232,9.86657286723236,8.141326743377478,8.140066162844697,0.0012605805327812192
2172,311.91292268252914,0.3689757997844139,2309.6572696843605,9.657269684360612,8.141325946138757,8.140092054303652,0.0012338918351044725
2173,311.8668161705064,0.36469153795367154,2309.4550173006105,9.455017300610495,8.141341372169514,8.140133278110747,0.001208094058766207
2174,311.82143874920246,0.36060214746100105,2309.259615443549,9.25961544354896,8.141357023334852,8.140173855290525,0.001183168044326166
2175,311.7812714617966,0.35668467869380815,2309.070856696763,9.070856696762648,8.141368866803592,8.140209777837926,0.0011590889656662995
2176,311.736240038686,0.35291967058490253,2308.8885294189545,8.888529418954537,8.141385882158497,8.140250055352668,0.001135826805828799
2177,311.6942637216812,0.3492906028055234,2308.712420117,8.712420117000091,8.14140096193979,8.140287604909334,0.00111335703045512
2178,311.6591950871212,0.3457834342857521,2308.5423153632078,8.542315363207551,8.141410632369821,8.14031897867945,0.0010916536903717855
2179,311.6060665028,0.34238621445305184,2308.378003332597,8.378003332597187,8.141437198018458,8.140366515522073,0.0010706824963850892
2180,311.5635725643092,0.33908875572522756,2308.219275023869,8.2192750238693,8.141454967650255,8.140404542155922,0.0010504254943324298
2181,311.5018022982085,0.33588235760139207,2308.0659252175096,8.0659252175098,8.141490674826416,8.140459826798375,0.001030848028040765
2182,311.45227161289347,0.3327595742168861,2307.9177532158815,7.917753215881527,8.14151609761013,8.140504163955582,0.001011933654549324
2183,311.4043049227279,0.32971401851045723,2307.7745634029134,7.774563402913307,8.141540761481517,8.140547107041565,0.0009936544399522518
2184,311.3587754396215,0.0,2307.3953934714978,7.395393471497537,8.14153314155356,8.14058787357255,0.0009452679810113551
2185,311.3067822199042,0.0,2307.034715875849,7.03471587584894,8.14153366621725,8.140634434087506,0.0008992321297434103
2186,311.2584093118835,0.0,2306.6916287341096,6.691628734109824,8.141533194250327,8.140677758735652,0.0008554355146745962
2187,311.2044501931135,0.0,2306.36527414972,6.365274149719729,8.141539861088297,8.14072609362201,0.0008137674662869188
2188,311.14239315315547,0.0,2306.0548360662274,6.05483606622717,8.14155581588989,8.140781691517548,0.0007741243723415892
2189,311.07672346830884,0.0,2305.7595382267236,5.759538226723438,8.141576945793881,8.140840536697924,0.000736409095956958
2190,311.02427477477175,0.0,2305.478642232796,5.478642232795999,8.141588074122485,8.140887542709814,0.0007005314126704576
2191,310.9585860292724,0.0,2305.211445698148,5.211445698147845,8.141612821763188,8.140946424701376,0.0006663970618117077
2192,310.8827872863206,0.0,2304.957280492266,4.957280492265896,8.141648304925614,8.141014382722227,0.0006339222033862058
2193,310.80623017258694,0.0,2304.7155110697468,4.715511069746705,8.141686063491564,8.14108303551145,0.0006030279801141347
2194,310.731004080669,0.0,2304.485532881102,4.485532881101904,8.14172414720627,8.141150509241578,0.0005736379646918977
2195,310.6696231567272,0.0,2304.2667708610697,4.2667708610695945,8.141751256225286,8.141205575286817,0.000545680938468962
2196,310.60164117765703,0.0,2304.0586779906516,4.058677990651646,8.141785658634767,8.141266574476465,0.0005190841583022632
2197,310.52874281787217,0.0,2303.860733929281,3.86073392928128,8.141825779994202,8.141331998151816,0.0004937818423851326
2198,310.44744494244617,0.0,2303.6724437137004,3.6724437137006123,8.141874686767583,8.141404976080816,0.0004697106867670442
2199,310.3636917436173,0.0,2303.4933365202946,3.493336520294698,8.141926987368482,8.141480175696774,0.0004468116717077919
2200,310.2824246643682,0.0,2303.3229644877874,3.3229644877872526,8.141978188623339,8.141553160217283,0.0004250284060560716
2201,310.19957025000286,0.0,2303.160901597354,3.160901597354178,8.142031893807468,8.14162758766384,0.0004043061436274087
2202,310.126135643211,0.0,2303.0067426073547,3.0067426073546026,8.142078162495936,8.141693568040104,0.00038459445583249874
2203,310.0411975430746,0.0,2302.8601020400156,2.860102040015695,8.142135743381964,8.141769901406489,0.0003658419754746234
2204,309.9551077923095,0.0,2302.7206132175374,2.720613217537448,8.142195291723889,8.1418472885879,0.0003480031359881508
2205,309.86199522507263,0.0,2302.5879273452074,2.5879273452071825,8.142262042975094,8.141931010023809,0.00033103295128533716
2206,309.77440786917117,0.0,2302.461712639231,2.461712639231089,8.142324674068563,8.1420097837754,0.000314890293163117
2207,309.7025850149545,0.0,2302.341653497102,2.3416534971019223,8.142373929696307,8.142074394019094,0.0002995356772128588
2208,309.6281931335087,0.0,2302.227449708428,2.2274497084283458,8.142426258418272,8.142141329244199,0.0002849291740734117
2209,309.5363667959698,0.0,2302.1188157042525,2.1188157042525786,8.142495004230193,8.14222397095857,0.00027103327162336655
2210,309.4521494896406,0.0,2302.0154798429794,2.0154798429792553,8.142557599007828,8.142299783731113,0.00025781527671497884
2211,309.36761002386396,0.0,2301.91718373113,1.9171837311299464,8.142621146413326,8.142375904826332,0.000245241586993572
2212,309.2748921664756,0.0,2301.8236815772248,1.8236815772248707,8.142692691343502,8.142459411023456,0.00023328032004599208
2213,309.18500177543785,0.0,2301.7347395771762,1.7347395771761682,8.142762294132204,8.142540391760498,0.00022190237170605087
2214,309.1003997535582,0.0,2301.6501353296558,1.6501353296558985,8.142827706728598,8.14261662727507,0.00021107945352838442
2215,309.02799189828124,0.0,2301.569657279977,1.5696572799768764,8.142882674038663,8.142681889159025,0.0002007848796381495
2216,308.94083691246044,0.0,2301.493104191096,1.4931041910957603,8.142951452091953,8.14276046066859,0.000190991423362874
2217,308.85869494474167,0.0,2301.4202846404155,1.4202846404156242,8.143016206511772,8.14283453077397,0.00018167573780303314
2218,308.7799113433504,0.0,2301.35101654113,1.3510165411297577,8.143078403302626,8.142905588863005,0.00017281443962069432
2219,308.7033306749909,0.0,2301.2851266869097,1.2851266869098046,8.14313906069238,8.142974675373067,0.0001643853193140643
2220,308.62542414504713,0.0,2301.2224503188,1.2224503187997227,8.143201340670107,8.143044973515703,0.00015636715440336957
2221,308.53427388120707,0.0,2301.162830713233,1.1628307132325746,8.143275981316098,8.143127241882949,0.00014873943314874793
2222,308.45100160858516,0.0,2301.10611879014,1.1061187901399767,8.143343902662952,8.143202418656594,0.0001414840063578282
2223,308.3749900912535,0.0,2301.0521727401742,1.0521727401742762,8.143405638855713,8.14327105618091,0.0001345826748035961
2224,308.2963174773163,0.0,2301.000857670111,1.000857670111316,8.14347013016907,8.143342112367893,0.00012801780117754902
2225,308.2123625295314,0.0,2300.952045265547,0.9520452655471127,8.143539730052286,8.143417957146088,0.00012177290619774794
2226,308.12796432877076,0.0,2300.905613470045,0.9056134700450095,8.143610053298874,8.143494220734242,0.00011583256463154612
2227,308.04351546038555,0.0,2300.861446179931,0.861446179931009,8.143680730499652,8.143570548556713,0.0001101819429383255
2228,307.955265362623,0.0,2300.8194329539742,0.8194329539741122,8.14375513860113,8.143650331793195,0.00010480680793456543
2229,307.88086550352915,0.0,2300.7794687372257,0.7794687372257149,8.143817303507122,8.14371760928002,9.969422710121023e-05
2230,307.79065880202137,0.0,2300.7414535983276,0.741453598327515,8.143894030229308,8.143799199647122,9.483058218684448e-05
2231,307.70219263530066,0.0,2300.705292479631,0.7052924796310657,8.143969440441234,8.143879236225617,9.020421561700687e-05
2232,307.6072066285324,0.0,2300.670894959504,0.6708949595041401,8.144050997357043,8.143965194000431,8.580335661179106e-05
2233,307.51637723365894,0.0,2300.6381750262294,0.638175026229553,8.144129029414126,8.144047412148256,8.161726587019302e-05
2234,307.4360162980671,0.0,2300.607050862931,0.6070508629310658,8.14419780778172,8.14412017218458,7.76355971403575e-05
2235,307.3436362556732,0.0,2300.5774446429887,0.5774446429885796,8.14427768314058,8.144203835242017,7.384789856246243e-05
2236,307.25469082853806,0.0,2300.549282335431,0.5492823354310468,8.144354653779281,8.144284408742505,7.024503677577343e-05
2237,307.1692030309659,0.0,2300.5224935198203,0.5224935198204828,8.144428687449086,8.14436186945762,6.681799146512901e-05
2238,307.0606062858995,0.0,2300.497011210164,0.4970112101641902,8.144523854394807,8.144460296682272,6.355771253474529e-05
2239,306.97798820940545,0.0,2300.472771687415,0.47277168741488607,8.144595655510123,8.144535198578362,6.0456931761265764e-05
2240,306.8942332110676,0.0,2300.44971434014,0.44971434013989353,8.144668656762375,8.144611149369078,5.750739329712928e-05
2241,306.8100683457309,0.0,2300.427781512961,0.42778151296098926,8.144742191993837,8.144687490260091,5.4701733745332604e-05
2242,306.7362435124105,0.0,2300.406918362386,0.40691836238592655,8.144806500634154,8.144754467542041,5.203309211232465e-05
2243,306.6641442262875,0.0,2300.3870727196713,0.3870727196711379,8.144869387709347,8.144819893056999,4.949465234815875e-05
2244,306.58624337757465,0.0,2300.368194960373,0.36819496037270266,8.144937678338858,8.144890598375575,4.707996328257025e-05
2245,306.5120948186781,0.0,2300.3502378802596,0.3502378802593892,8.145002695835949,8.144957912720038,4.478311591071815e-05
2246,306.4403164722635,0.0,2300.3331565772774,0.33315657727748876,8.145065687340741,8.145023088999123,4.259834161857157e-05
2247,306.35791782114995,0.0,2300.3169083392722,0.3169083392722933,8.145138445374958,8.14509792535028,4.052002467780369e-05
2248,306.2770016433989,0.0,2300.3014525371855,0.30145253718546056,8.145209975682867,8.145171432568507,3.8543114360578556e-05
2249,306.18286515285297,0.0,2300.2867505234613,0.2867505234612057,8.145293633678964,8.145256971166601,3.666251236289497e-05
2250,306.09073291388154,0.0,2300.2727655354074,0.2727655354072812,8.145375584721231,8.145340711039076,3.487368215537856e-05
2251,305.9914922206099,0.0,2300.259462603269,0.25946260326909726,8.145464108794423,8.145430936733792,3.317206063080391e-05
2252,305.910574356328,0.0,2300.246808462787,0.24680846278712046,8.145536076772773,8.145504523148825,3.1553623948354925e-05
2253,305.818779242897,0.0,2300.234771472019,0.23477147201889847,8.145618036141233,8.145588022087678,3.0014053555404985e-05
2254,305.7265569729361,0.0,2300.2233215322176,0.22332153221772227,8.145700481440867,8.145671931846397,2.854959446985106e-05
2255,305.6447155059757,0.0,2300.21243001257,0.21243001257008162,8.145773571850055,8.14574641518525,2.7156664804905972e-05
2256,305.55305962154927,0.0,2300.2020696786035,0.2020696786037182,8.145855683066436,8.145829851444871,2.583162156533092e-05
2257,305.4812194872023,0.0,2300.1922146240872,0.1922146240872591,8.145919835814952,8.14589526445142,2.4571363532288615e-05
2258,305.40170823150197,0.0,2300.182840206251,0.18284020625114455,8.145991050648798,8.145967678111564,2.3372537233612434e-05
2259,305.31446088450144,0.0,2300.173922984168,0.17392298416786808,8.146069388589181,8.146047156438753,2.223215042818083e-05
2260,305.22178986117024,0.0,2300.1654406601374,0.16544066013744796,8.146152744802595,8.146131597432005,2.1147370590668402e-05
2261,305.1434621335921,0.0,2300.1573720239317,0.15737202393156283,8.146223102182905,8.146202986583573,2.0115599332015677e-05
2262,305.0607911851721,0.0,2300.149696899757,0.1496968997569331,8.146297485896339,8.1462783517538,1.9134142538845822e-05
2263,304.98439079566805,0.0,2300.1423960958055,0.14239609580532855,8.14636621712835,8.146348016526312,1.820060203705509e-05
2264,304.899228764295,0.0,2300.135451356264,0.13545135626405122,8.146443001207077,8.146425688642902,1.7312564175142597e-05
2265,304.8101575730762,0.0,2300.1288453156667,0.12884531566689464,8.146523414427012,8.146506946591366,1.6467835646238882e-05
2266,304.7400478541112,0.0,2300.1225614554714,0.12256145547143302,8.146586585490116,8.146570921084384,1.5664405731641295e-05
2267,304.6598738867446,0.0,2300.116584062754,0.11658406275406112,8.146658995159463,8.146644095029282,1.4900130180350857e-05
2268,304.57713490889563,0.0,2300.1108981909197,0.11089819091950069,8.14673380097817,8.146719627845384,1.4173132786510223e-05
2269,304.5026302299975,0.0,2300.1054896223263,0.10548962232652695,8.146801140655969,8.14678765901924,1.3481636727874502e-05
2270,304.4130874934882,0.0,2300.1003448327365,0.1003448327364599,8.146882264889792,8.1468694410666,1.2823823190899475e-05
2271,304.3248211804719,0.0,2300.0954509574954,0.09545095749552317,8.146962276199988,8.146950078089905,1.2198110082906055e-05
2272,304.2333926065108,0.0,2300.0907957593663,0.09079575936650862,8.147045228716616,8.147033625800283,1.1602916332620339e-05
2273,304.150003578019,0.0,2300.0863675979294,0.08636759792930931,8.147120883052668,8.147109846264003,1.1036788665208519e-05
2274,304.0797615671807,0.0,2300.0821554004738,0.08215540047380596,8.147184562524144,8.147174064202563,1.0498321580953984e-05
2275,304.0040923196231,0.0,2300.078148634312,0.07814863431232413,8.147253244681242,8.14724325857159,9.986109651194397e-06
2276,303.9152584684183,0.0,2300.0743372804423,0.07433728044242884,8.147334009315859,8.147324510463053,9.498852806544278e-06
2277,303.8299136088216,0.0,2300.0707118084943,0.07071180849419977,8.147411626261187,8.147402590881885,9.035379301636226e-06
2278,303.7494244164201,0.0,2300.067263152899,0.06726315289934234,8.14748484120137,8.147476246670198,8.5945311720792e-06
2279,303.6653434105208,0.0,2300.0639826902225,0.06398269022254495,8.147561382904858,8.147553207720899,8.175183959124865e-06
2280,303.58345000813836,0.0,2300.0608622175982,0.060862217598398896,8.147635960787444,8.147628184485344,7.776302100026555e-06
2281,303.51034932948727,0.0,2300.05789393222,0.05789393221996221,8.147702523122923,8.14769512622252,7.3969004041885e-06
2282,303.4182379474312,0.0,2300.0550704118277,0.055070411827677995,8.14778653318166,8.147779497210122,7.035971538726926e-06
2283,303.3372944266869,0.0,2300.0523845961497,0.05238459614985946,8.147860350131902,8.147853657457057,6.692674844543944e-06
2284,303.2532388069022,0.0,2300.0498297692484,0.04982976924833313,8.147937053600637,8.147930687478302,6.366122335066393e-06
2285,303.16928649735473,0.0,2300.047399542725,0.0473995427250953,8.148013697127864,8.14800764162477,6.055503092738945e-06
2286,303.0864382778347,0.0,2300.045087839748,0.045087839747989404,8.148089362187541,8.1480836021462,5.760041341673627e-06
2287,303.0028200890834,0.0,2300.0428888798556,0.04288887985546038,8.148165766191807,8.14816028719735,5.47899445813016e-06
2288,302.9195365115457,0.0,2300.0407971645022,0.04079716450238984,8.148241895598654,8.148236683937776,5.211660877080249e-06
2289,302.8457918870626,0.0,2300.038807463311,0.03880746331086925,8.14830930336573,8.148304345981376,4.957384353687644e-06
2290,302.76961286703977,0.0,2300.0369148009913,0.03691480099153073,8.148378972399719,8.148374256889136,4.715510582897764e-06
2291,302.6859541346848,0.0,2300.035114444903,0.03511444490273216,8.14845553537382,8.148451049945452,4.485428368283806e-06
2292,302.60837867294765,0.0,2300.0334018932167,0.03340189321648795,8.148526542280647,8.148522275700953,4.266579693990025e-06
2293,302.52364819892006,0.0,2300.0317728636614,0.031772863661554136,8.148604147621132,8.148600089220581,4.058400550732699e-06
2294,302.44346854587235,0.0,2300.0302232828153,0.03022328281551979,8.148677601512123,8.148673741128167,3.860383955611724e-06
2295,302.35625375369784,0.0,2300.028749275919,0.02874927591912921,8.148757546994876,8.148753874973336,3.6720215401686573e-06
2296,302.2746642736011,0.0,2300.0273471571873,0.027347157187365516,8.14883235153888,8.148828858683382,3.4928554981661364e-06
2297,302.1953078505165,0.0,2300.0260134205932,0.026013420593068264,8.14890512969289,8.148901807259508,3.3224333826353813e-06
2298,302.116534671231,0.0,2300.0247447311,0.024744731100039347,8.148977396726137,8.148974236399242,3.1603268944024876e-06
2299,302.03115256038177,0.0,2300.0235379163237,0.02353791632371535,8.149055767154458,8.149052761030326,3.006124131843535e-06
2300,301.9474895278461,0.0,2300.0223899585985,0.02238995859855371,8.149132583091532,8.149129723644771,2.8594467611497976e-06
2301,301.8659158679398,0.0,2300.0212979874323,0.02129798743229706,8.149207502259692,8.149204782331942,2.7199277496947616e-06
2302,301.78413339489003,0.0,2300.020259272328,0.020259272328247372,8.149282638331323,8.149280051115335,2.5872159881146217e-06
2303,301.701614025564,0.0,2300.019271215958,0.01927121595760199,8.149358477318906,8.149356016339915,2.460978990370677e-06
2304,301.61987921274834,0.0,2300.0183313476646,0.018331347664778716,8.149433618290354,8.149431277388453,2.340901900765857e-06
2305,301.53954116556645,0.0,2300.0174373172895,0.017437317289489968,8.149507496516883,8.149505269832382,2.226684500783449e-06
2306,301.46320360959623,0.0,2300.01658688929,0.016586889290117892,8.149577711922484,8.149575593880114,2.118042370824469e-06
2307,301.38681785515234,0.0,2300.015777937154,0.0157779371536959,8.149647992752564,8.149645978051621,2.0147009429649643e-06
2308,301.3081208613395,0.0,2300.0150084380784,0.015008438078518583,8.149720424726107,8.149718508325755,1.9164003521865425e-06
2309,301.2329413604762,0.0,2300.0142764679163,0.014276467916083833,8.14978963524207,8.149787812344265,1.8228978060363943e-06
2310,301.1588790174782,0.0,2300.0135801963597,0.013580196359719332,8.149857835389279,8.149856101431437,1.7339578413100298e-06
2311,301.08245173490366,0.0,2300.0129178823677,0.012917882367862512,8.149928235994118,8.14992658663795,1.649356168087479e-06
2312,301.0040248627688,0.0,2300.0122878698107,0.012287869810549778,8.150000501257228,8.149998932375846,1.568881382141285e-06
2313,300.9211134163889,0.0,2300.011688583328,0.011688583328228964,8.150076925369506,8.150075433038333,1.4923311724146515e-06
2314,300.84019948965744,0.0,2300.0111185243927,0.011118524392539878,8.150151528072662,8.150150108555813,1.419516848955027e-06
2315,300.76066876201617,0.0,2300.0105762675594,0.01057626755921286,8.150224875037127,8.150223524781305,1.3502558218192462e-06
2316,300.67891821840885,0.0,2300.010060456904,0.01006045690371562,8.150300292378317,8.150299008004968,1.2843733490086606e-06
2317,300.6066304800821,0.0,2300.0095698026307,0.009569802630735645,8.1503669906676,8.150365768958872,1.2217087270727234e-06
2318,300.53400902197797,0.0,2300.009103077849,0.009103077849020086,8.150434014477206,8.150432852375816,1.1621013893403642e-06
2319,300.4581131668566,0.0,2300.0086591155036,0.008659115503508574,8.150504081167504,8.150502975766242,1.1054012620803633e-06
2320,300.3829161075231,0.0,2300.0082368054573,0.008236805457087671,8.150573520385215,8.15057246891743,1.0514677857287325e-06
2321,300.3099592872627,0.0,2300.0078350917147,0.007835091714669846,8.150640906589096,8.150639906422695,1.0001664012548872e-06
2322,300.2307028735755,0.0,2300.0074529697827,0.0074529697826557105,8.150714134687266,8.150713183320963,9.513663030702446e-07
2323,300.1491093901196,0.0,2300.007089484157,0.007089484157176803,8.150789543738151,8.150788638791505,9.049466456190203e-07
2324,300.0613056604089,0.0,2300.006743725935,0.00674372593483822,8.150870718331337,8.150869857540947,8.607903900781366e-07
2325,299.9847201867235,0.0,2300.00641483054,0.006414830539986699,8.15094153527147,8.150940716480145,8.187913245194522e-07
2326,299.9008745125267,0.0,2300.0061019755626,0.0061019755628211525,8.151019089887422,8.1510183110476,7.788398210806236e-07
2327,299.82519759400805,0.0,2300.005804378703,0.005804378702939785,8.151089103147227,8.151088362307824,7.40839402268989e-07
2328,299.75054279545355,0.0,2300.005521295813,0.005521295813181613,8.151158187402968,8.151157482709705,7.046932637422287e-07
2329,299.6716381436832,0.0,2300.005252019039,0.005252019038870947,8.151231224723436,8.151230554413534,6.703099018068315e-07
2330,299.5835223889859,0.0,2300.004995875048,0.004995875047812005,8.151312813957206,8.151312176354715,6.37602491693201e-07
2331,299.5048410785729,0.0,2300.0047522233467,0.00475222334660769,8.151385683522635,8.151385077029989,6.064926463267284e-07
2332,299.43152757286515,0.0,2300.004520454679,0.004520454679092491,8.151453596370255,8.151453019468663,5.769015913870135e-07
2333,299.34241299236925,0.0,2300.0042999895027,0.0042999895028747095,8.15153617387685,8.151535625125039,5.487518119906554e-07
2334,299.261022611209,0.0,2300.00409027654,0.004090276540178621,8.151611611683789,8.151611089707048,5.219767409414544e-07
2335,299.18226260864117,0.0,2300.0038907913995,0.003890791399362881,8.151684629161958,8.151684132653488,4.965084698937972e-07
2336,299.10643025778654,0.0,2300.0037010352635,0.0037010352636682813,8.151754948768941,8.151754476485701,4.72283240071647e-07
2337,299.0299011709421,0.0,2300.003520533644,0.0035205336439160274,8.151825931811809,8.15182548257192,4.4923988795630976e-07
2338,298.9461697739585,0.0,2300.003348835192,0.0033488351920376446,8.151903616867118,8.15190318954715,4.2731996785505544e-07
2339,298.8685614934017,0.0,2300.0031855105726,0.0031855105724697065,8.151975637570944,8.151975231100637,4.0647030630225345e-07
2340,298.7912643168258,0.0,2300.0030301513884,0.003030151388591299,8.15204738690202,8.152047000264051,3.8663796786408966e-07
2341,298.7123388306534,0.0,2300.0028823691614,0.002882369161519741,8.152120665954302,8.152120298181197,3.677731044149368e-07
2342,298.63387452083657,0.0,2300.002741794359,0.002741794358711029,8.152193534563597,8.152193184734863,3.498287348691065e-07
2343,298.5574077125721,0.0,2300.00260807547,0.0026080754699359964,8.152264564791643,8.152264232031543,3.3276010036331627e-07
2344,298.4789476679203,0.0,2300.002480878128,0.0024808781283216473,8.152337464500267,8.152337147976182,3.1652408516436026e-07
2345,298.40026194855903,0.0,2300.0023598842745,0.002359884274259809,8.152410591705364,8.15241029062513,3.010802327452211e-07
2346,298.3219159095365,0.0,2300.00224479136,0.002244791360092443,8.152483420811528,8.152483134421585,2.8638994287177866e-07
2347,298.2430355210896,0.0,2300.0021353115935,0.00213531159358491,8.152556764500014,8.15255649208364,2.7241637390318374e-07
2348,298.1639937542045,0.0,2300.0020311712183,0.0020311712182954763,8.152630276112403,8.152630016987807,2.591245955585464e-07
2349,298.0853801591474,0.0,2300.001932109829,0.00193210982904162,8.152703407135549,8.152703160654168,2.464813810831856e-07
2350,298.0074300876533,0.0,2300.001837879721,0.0018378797207514333,8.152775938216264,8.152775703761172,2.344550917854349e-07
2351,297.92910724670145,0.0,2300.001748245269,0.0017482452690719189,8.152848833649744,8.152848610634178,2.2301556512616116e-07
2352,297.84930721381073,0.0,2300.0016629823413,0.0016629823411853774,8.152923122069655,8.15292290993555,2.1213410583698078e-07
2353,297.7713429105268,0.0,2300.001581877735,0.0015818777353606166,8.152995718783618,8.152995516999939,2.017836795431549e-07
2354,297.69319009754025,0.0,2300.001504728648,0.001504728647837572,8.153068508383985,8.153068316445724,1.9193826084062948e-07
2355,297.61524118919726,0.0,2300.0014313421657,0.0014313421657122713,8.153141125314896,8.153140942741667,1.8257322942361043e-07
2356,297.5363437763417,0.0,2300.0013615347843,0.0013615347845540894,8.15321464352143,8.153214469856344,1.7366508586746932e-07
2357,297.4557821274134,0.0,2300.0012951319495,0.0012951319495490901,8.153289730860218,8.15328956566871,1.6519150847216224e-07
2358,297.37819511934345,0.0,2300.001231967619,0.0012319676190220687,8.153362062744925,8.153361905613412,1.5713151313434537e-07
2359,297.3078532243671,0.0,2300.001171883849,0.0011718838492458773,8.15342765426774,8.153427504802648,1.494650909705797e-07
2360,297.2295436939776,0.0,2300.0011147303994,0.0011147303994998373,8.153500692692184,8.153500550519798,1.421723858641144e-07
2361,297.1480746859189,0.0,2300.0010603643564,0.0010603643563896813,8.1535766965874,8.153576561352018,1.352353820038843e-07
2362,297.07540770557466,0.0,2300.0010086497764,0.0010086497764896266,8.15364450400832,8.153644375371139,1.2863718090727616e-07
2363,296.9990336057617,0.0,2300.000959457346,0.0009594573464130014,8.153715787061234,8.153715664700458,1.2236077573390958e-07
2364,296.9188627685263,0.0,2300.0009126640593,0.0009126640594614216,8.153790631772422,8.15379051538194,1.1639048125289264e-07
2365,296.8421594495253,0.0,2300.000868152908,0.0008681529080439734,8.153862256043793,8.153862145332193,1.1071159988773616e-07
2366,296.7618558033214,0.0,2300.0008258125913,0.0008258125910972901,8.15393726027192,8.15393715496223,1.053096898573358e-07
2367,296.67960049426364,0.0,2300.000785537236,0.0007855372357749188,8.154014106318966,8.15401400614767,1.0017129703498995e-07
2368,296.6034824917195,0.0,2300.0007472261327,0.0007472261327100577,8.154085235265265,8.154085139981477,9.528378797085679e-08
2369,296.52363409067755,0.0,2300.000710783484,0.0007107834841896824,8.15415986788346,8.154159777248806,9.063465356007328e-08
2370,296.4483182276218,0.0,2300.0006761181644,0.0006761181646103639,8.154230280238526,8.15423019402605,8.621247538087573e-08
2371,296.37141359257464,0.0,2300.0006431434927,0.0006431434926167955,8.154302194513614,8.154302112507597,8.200601619989811e-08
2372,296.2957247827506,0.0,2300.0006117770145,0.0006117770143532536,8.154372988064484,8.154372910059653,7.800483103892475e-08
2373,296.21897450776316,0.0,2300.0005819402973,0.0005819402972860105,8.15444479096409,8.154444716765248,7.419884262560572e-08
2374,296.14362881396966,0.0,2300.0005535587343,0.0005535587340811461,8.154515295896191,8.154515225317605,7.05785865307007e-08
2375,296.06682616402435,0.0,2300.000526561356,0.0005265613560473525,8.154587180704796,8.154587113569862,6.713493405641202e-08
2376,295.9897102421531,0.0,2300.0005008806556,0.0005008806556772386,8.154659375451756,8.154659311592457,6.385929829377801e-08
2377,295.9120538596072,0.0,2300.000476452418,0.0004764524178434,8.15473209311285,8.154732032369374,6.074347602691432e-08
2378,295.83590854351064,0.0,2300.0004532155594,0.0004532155592271511,8.15480341223744,8.15480335445773,5.7779709905503296e-08
2379,295.7603588364905,0.0,2300.0004311119756,0.00043111197557841224,8.154874189621786,8.15487413466123,5.4960556994387844e-08
2380,295.6797050047966,0.0,2300.0004100863966,0.00041008639642481896,8.154949766635267,8.154949714356393,5.227887456271674e-08
2381,295.6065680542881,0.0,2300.000390086247,0.0003900862468667522,8.155018315519719,8.15501826579157,4.9728148709959896e-08
2382,295.5262914731058,0.0,2300.000371061516,0.0003710615161127041,8.155093573736554,8.155093526434776,4.730177849410211e-08
2383,295.4498768373202,0.0,2300.0003529646324,0.00035296463242625,8.155165228178607,8.155165183184762,4.4993845094154494e-08
2384,295.37231358863016,0.0,2300.000335750344,0.00033575034417192783,8.155237976539901,8.155237933741397,4.2798504296115425e-08
2385,295.2933653915876,0.0,2300.0003193756065,0.00031937560666257954,8.155312041320302,8.155312000610033,4.0710268933707994e-08
2386,295.21808735553304,0.0,2300.0003037994748,0.0003037994745252119,8.155382679226637,8.155382640502681,3.872395559767483e-08
2387,295.1483348784322,0.0,2300.0002889829993,0.00028898299931623666,8.155448146295488,8.155448109460867,3.6834620686931885e-08
2388,295.06439354147216,0.0,2300.000274889132,0.00027488913213007403,8.155526949061134,8.155526914023813,3.5037320600395105e-08
2389,294.9920517528095,0.0,2300.000261482631,0.0002614826309575911,8.155594878055938,8.155594844728109,3.332782938514356e-08
2390,294.9189051889727,0.0,2300.0002487299726,0.000248729972562722,8.1556635777713,8.15566354606956,3.1701739899858694e-08
2391,294.85781823160585,0.0,2300.0002365992686,0.00023659926865691642,8.155720962351104,8.155720932196013,3.015509086878865e-08
2392,294.76777772001657,0.0,2300.000225060186,0.00022506018616180842,8.155805565579827,8.15580553689617,2.8683658115369326e-08
2393,294.6941108568553,0.0,2300.0002140838715,0.0002140838713607206,8.155874800667792,8.155874773383637,2.728415537944784e-08
2394,294.6235017153956,0.0,2300.0002036428778,0.00020364287774934312,8.155941176318125,8.155941150365168,2.595295711671497e-08
2395,294.54519883580815,0.0,2300.0001937110974,0.00019371109740517692,8.1560148010263,8.156014776339648,2.468665272203907e-08
2396,294.4677618474728,0.0,2300.0001842636957,0.0001842636957041282,8.156087628594655,8.156087605112512,2.348214245273539e-08
2397,294.39027493602157,0.0,2300.000175277049,0.00017527704922101254,8.156160520075625,8.156160497739226,2.2336399396749584e-08
2398,294.3097508477786,0.0,2300.0001667286865,0.0001667286866586871,8.156236286634682,8.156236265388138,2.124654407964499e-08
2399,294.2302448206113,0.0,2300.0001585972327,0.0001585972326581028,8.156311113252702,8.156311093042834,2.0209867557241523e-08
